Unique ID;Name;Division;UF
301.260;15 de Novembro;Sem divisão nacional;RS
314.592;1º de Maio;Sem divisão nacional;PE
301.242;4 de Julho;Sem divisão nacional;PI
19.296.881;5 de Agosto (PB);Sem divisão nacional;PB
19.337.242;7 de Abril;Sem divisão nacional;RJ
309.738;9° Reg. Infantaria;Sem divisão nacional;RS
309.752;AA da Bahia (BA);Sem divisão nacional;BA
302.139;AA Palmeiras (SP);Sem divisão nacional;SP
313.581;AA Rodoviária;Sem divisão nacional;AM
311.841;AA São Bento (SP);Sem divisão nacional;SP
107.205;ABC;Brasileirão Série B Betano;RN
2.000.136.192;ABD FC;Sem divisão nacional;GO
19.337.749;ABECAT;Sem divisão nacional;GO
19.342.404;Academia (MT);Sem divisão nacional;MT
19.056.649;Ação;Sem divisão nacional;MT
301.240;AD Vitória (PE);Sem divisão nacional;PE
318.875;ADAP;Sem divisão nacional;PR
313.242;ADESG;Sem divisão nacional;AC
312.330;Adolpho Konder (SC);Sem divisão nacional;SC
19.253.694;Afogados;Sem divisão nacional;PE
309.616;AGA;Sem divisão nacional;PE
19.334.270;Agrimaq;Sem divisão nacional;AL
19.200.887;Água Santa;Sem divisão nacional;SP
309.778;Água Verde;Sem divisão nacional;PR
2.000.320.598;Águia de Cumaru;Sem divisão nacional;PE
308.939;Águia de Marabá;Brasileirão Série D;PA
314.963;Águia Negra;Sem divisão nacional;MS
19.009.976;Aimoré;Brasileirão Série D;RS
2.000.135.794;Albion (SP);Sem divisão nacional;SP
301.257;Alecrim;Sem divisão nacional;RN
310.389;Alegrense;Sem divisão nacional;ES
313.440;Alexandria (AL);Sem divisão nacional;AL
301.105;Aliança (AP);Sem divisão nacional;AP
19.165.042;Aliança Atlética;Sem divisão nacional;CE
312.328;Almirante Barroso [EXT];Sem divisão nacional;SC
2.000.152.147;Altamira (PA);Sem divisão nacional;PA
19.273.578;Altos (PI);Brasileirão Série C;PI
19.339.649;Alves Nogueira;Sem divisão nacional;MG
19.005.327;Alves Nogueira (MG);Sem divisão nacional;MG
313.333;Alvorada (TO);Sem divisão nacional;TO
313.315;Amadense;Sem divisão nacional;SE
313.253;Amapá;Sem divisão nacional;AP
19.398.655;Amazonas;Brasileirão Série C;AM
2.000.122.197;Amazônia IFC;Sem divisão nacional;PA
313.380;América (AC);Sem divisão nacional;AC
308.384;América (AM);Sem divisão nacional;AM
313.263;América (CE);Sem divisão nacional;CE
314.317;América (ES);Sem divisão nacional;ES
314.942;América (GO);Sem divisão nacional;GO
107.201;América (MG);Brasileirão Assaí;MG
314.312;América (PB);Sem divisão nacional;PB
303.013;América (PE);Sem divisão nacional;PE
900.996;America (RJ);Sem divisão nacional;RJ
107.203;América (RN);Brasileirão Série C;RN
309.757;América (SC);Sem divisão nacional;SC
301.333;América (SP);Sem divisão nacional;SP
314.971;América de Caaporã;Sem divisão nacional;PB
19.367.841;América de Pedrinhas;Sem divisão nacional;SE
314.297;América de Propriá;Sem divisão nacional;SE
309.782;América Paranaense;Sem divisão nacional;PR
19.113.685;América TO (MG);Sem divisão nacional;MG
311.108;América TR (RJ);Sem divisão nacional;RJ
104.887;Americano;Sem divisão nacional;RJ
314.319;Americano (ES);Sem divisão nacional;ES
309.656;Americano (MA);Sem divisão nacional;MA
313.904;Americano (MT);Sem divisão nacional;MT
309.737;Americano (RS);Sem divisão nacional;RS
302.146;Americano (SP);Sem divisão nacional;SP
19.027.339;Amparo;Sem divisão nacional;SP
314.744;Ananindeua;Sem divisão nacional;PA
301.146;Anapolina;Sem divisão nacional;GO
301.148;Anápolis;Brasileirão Série D;GO
2.000.004.148;Anchieta (RJ);Sem divisão nacional;RJ
314.783;Andarahy;Sem divisão nacional;RJ
309.637;Andirá;Sem divisão nacional;AC
19.354.609;Andradina;Sem divisão nacional;SP
19.069.555;Andraus;Sem divisão nacional;PR
319.620;Angra dos Reis;Sem divisão nacional;RJ
2.000.210.044;Anjos do Céu;Sem divisão nacional;CE
301.149;Aparecida (GO);Sem divisão nacional;GO
319.141;Aparecidense;Brasileirão Série C;GO
19.053.110;Aperibeense;Sem divisão nacional;RJ
19.253.215;Apucarana Sports;Sem divisão nacional;PR
19.139.649;Aquidauanense;Sem divisão nacional;MS
19.342.407;Aracaju;Sem divisão nacional;SE
308.938;Araçatuba;Sem divisão nacional;SP
313.275;Aracruz;Sem divisão nacional;ES
19.401.165;Araguacema;Sem divisão nacional;TO
19.289.425;Araguaia;Sem divisão nacional;MT
19.056.642;Araguaia AC;Sem divisão nacional;MT
313.341;Araguaína;Sem divisão nacional;TO
19.170.070;Araguari;Sem divisão nacional;MG
19.218.393;Araioses;Sem divisão nacional;MA
314.944;Arapongas;Sem divisão nacional;PR
19.157.320;Araranguá;Sem divisão nacional;SC
19.107.499;Araripina;Sem divisão nacional;PE
19.344.102;Araruama;Sem divisão nacional;RJ
19.392.506;Araucária;Sem divisão nacional;PR
19.005.168;Araxá;Sem divisão nacional;MG
313.310;Ariquemes;Sem divisão nacional;RO
19.295.792;Arsenal (PB);Sem divisão nacional;PB
19.373.866;Arsenal (TO);Sem divisão nacional;TO
19.108.524;Arsenal de Caridade;Sem divisão nacional;CE
314.097;Artístico FC (PI);Sem divisão nacional;PI
2.100.850;Artsul;Sem divisão nacional;RJ
313.264;ARUC;Sem divisão nacional;DF
301.100;ASA;Brasileirão Série D;AL
19.071.614;ASEEV;Sem divisão nacional;GO
19.009.824;Assisense;Sem divisão nacional;SP
309.633;ASSU;Sem divisão nacional;RN
2.000.085.733;Aster Brasil;Sem divisão nacional;ES
2.000.310.120;Aster Itaquá;Sem divisão nacional;SP
19.342.677;Athletic Club (MG);Brasileirão Série D;MG
107.206;Athletico Paranaense;Brasileirão Assaí;PR
309.766;Atl. Catarinense FLN;Sem divisão nacional;SC
319.117;Atlântico;Sem divisão nacional;
19.156.147;Atlético (ES);Sem divisão nacional;ES
309.638;Atlético Acreano;Sem divisão nacional;AC
2.000.049.649;Atlético Amazonense;Sem divisão nacional;AM
2.000.067.549;Atlético Batistense;Sem divisão nacional;SC
19.354.605;Atlético Carioca;Sem divisão nacional;RJ
19.214.762;Atlético Catarinense;Sem divisão nacional;SC
310.392;Atlético Cearense;Brasileirão Série D;CE
19.140.897;Atlético Cerrado;Sem divisão nacional;TO
301.113;Atlético de Alagoinhas;Brasileirão Série D;BA
311.951;Atlético de Cajazeiras;Sem divisão nacional;PB
2.000.024.120;Atlético de Salvador;Sem divisão nacional;BA
19.081.219;Atlético Gloriense;Sem divisão nacional;SE
301.151;Atlético Goianiense;Brasileirão Série B Betano;GO
313.903;Atlético Matogrossense;Sem divisão nacional;MT
314;Atlético Mineiro;Brasileirão Assaí;MG
19.340.916;Atlético Mineiro B;Sem divisão nacional;MG
19.042.951;Atlético Mogi;Sem divisão nacional;SP
19.372.315;Atlético Paraense;Sem divisão nacional;PA
19.295.781;Atlético Parahybano;Sem divisão nacional;PB
19.295.431;Atlético Patrocinense;Brasileirão Série D;MG
19.023.857;Atlético Pernambucano;Sem divisão nacional;PE
318.920;Atlético Potengi;Sem divisão nacional;RN
309.145;Atlético Roraima;Sem divisão nacional;RR
311.030;Atlético Sorocaba;Sem divisão nacional;SP
303.861;Atlético Taguatinga;Sem divisão nacional;DF
310.902;Atlético TC;Sem divisão nacional;TO
2.000.209.180;Atlético Torres;Sem divisão nacional;PE
19.009.037;Atlético Tubarão;Sem divisão nacional;SC
311.959;Atlético Universitário;Sem divisão nacional;BA
19.227.768;Audax (SP);Sem divisão nacional;SP
19.076.257;Audax Rio;Sem divisão nacional;RJ
2.102.147;Audax São Paulo;Sem divisão nacional;SP
312.295;Auto EC;Sem divisão nacional;
309.643;Auto Esporte (PB);Sem divisão nacional;PB
313.367;Auto Esporte (PI);Sem divisão nacional;PI
107.208;Avaí;Brasileirão Série B Betano;SC
301.262;Avenida;Sem divisão nacional;RS
2.000.066.145;Aymorés (MG);Sem divisão nacional;MG
19.392.509;Azuriz;Sem divisão nacional;PR
309.654;Bacabal;Sem divisão nacional;MA
309.735;Bagé;Sem divisão nacional;RS
315;Bahia;Brasileirão Assaí;BA
320.262;Bahia de Feira;Brasileirão Série D;BA
309.753;Baiano de Tênis (BA);Sem divisão nacional;BA
309.673;Bandeirante (SP);Sem divisão nacional;SP
104.775;Bangu;Sem divisão nacional;RJ
309.628;Baraúnas;Sem divisão nacional;RN
319.124;Barbalha;Sem divisão nacional;CE
320.391;Barbará (RJ);Sem divisão nacional;RJ
2.110.429;Barcelona (RJ);Sem divisão nacional;RJ
19.318.744;Barcelona (RO);Sem divisão nacional;RO
19.023.759;Barcelona (SP);Sem divisão nacional;SP
2.000.053.639;Barcelona de Ilhéus;Sem divisão nacional;BA
301.296;Baré;Sem divisão nacional;RR
19.213.392;Barra (SC);Sem divisão nacional;SC
19.367.845;Barra (SE);Sem divisão nacional;SE
19.156.764;Barra da Tijuca;Sem divisão nacional;RJ
314.777;Barra de Teresópolis;Sem divisão nacional;RJ
313.190;Barra do Garças;Sem divisão nacional;MT
19.025.445;Barra Mansa;Sem divisão nacional;RJ
19.006.627;Barras;Sem divisão nacional;PI
19.275.450;Barreiros;Sem divisão nacional;PE
316.785;Barretos;Sem divisão nacional;SP
313.439;Barroso (AL);Sem divisão nacional;AL
19.041.305;Baruch Imbituba;Sem divisão nacional;SC
2.000.318.090;Batalhão (TO);Sem divisão nacional;TO
318.889;Batatais;Sem divisão nacional;SP
301.214;Batel;Sem divisão nacional;PR
314.779;Bayer (RJ);Sem divisão nacional;RJ
2.000.135.658;Bela Vista (GO);Sem divisão nacional;GO
19.169.996;Bela Vista (RJ);Sem divisão nacional;RJ
2.000.156.264;Bela Vista (TO);Sem divisão nacional;TO
2.000.240.045;Belenense (PA);Sem divisão nacional;PA
2.000.098.765;Belford Roxo;Sem divisão nacional;RJ
19.023.850;Belo Jardim;Sem divisão nacional;PE
19.170.069;Betim Futebol;Sem divisão nacional;MG
19.339.792;Betis (MG);Sem divisão nacional;MG
19.018.706;Blumenau;Sem divisão nacional;SC
316.773;Blumenau EC;Sem divisão nacional;SC
310.700;Boa;Sem divisão nacional;MG
309.137;Boavista (RJ);Sem divisão nacional;RJ
2.103.277;Boca Júnior (SE);Sem divisão nacional;SE
2.000.283.722;Bom Jesus (RS);Sem divisão nacional;RS
309.138;Bonsucesso;Sem divisão nacional;RJ
19.145.262;Boquinhense;Sem divisão nacional;SE
19.363.426;Boston City (MG);Sem divisão nacional;MG
316;Botafogo;Brasileirão Assaí;RJ
309.751;Botafogo (BA);Sem divisão nacional;BA
19.027.012;Botafogo (DF);Sem divisão nacional;DF
301.208;Botafogo (PB);Brasileirão Série C;PB
314.098;Botafogo (PI);Sem divisão nacional;PI
314.620;Botafogo (RO);Sem divisão nacional;RO
19.317.912;Botafogo (SE);Sem divisão nacional;SE
121.265;Botafogo (SP);Brasileirão Série B Betano;SP
313.279;Bragantino (PA);Sem divisão nacional;PA
314.612;Brasil (CE);Sem divisão nacional;CE
19.295.783;Brasil (PB);Sem divisão nacional;PB
19.044.039;Brasil (RJ);Sem divisão nacional;RJ
308.236;Brasil de Farroupilha;Sem divisão nacional;RS
301.264;Brasil de Pelotas;Brasileirão Série D;RS
2.000.004.150;Brasil Suburbano;Sem divisão nacional;RJ
19.339.780;Brasileirinho;Sem divisão nacional;RJ
301.135;Brasília;Sem divisão nacional;DF
309.670;Brasiliense;Brasileirão Série D;DF
19.040.411;Brasilis;Sem divisão nacional;SP
301.136;Brazlândia;Sem divisão nacional;DF
309.781;Britânia (PR);Sem divisão nacional;PR
301.302;Brusque;Brasileirão Série C;SC
309.770;Brusquense;Sem divisão nacional;SC
19.036.923;Búzios;Sem divisão nacional;RJ
19.019.864;CA Audax (SP);Sem divisão nacional;SP
320.680;CA Estudantes (SP);Sem divisão nacional;SP
314.781;CA Guanabara (RJ);Sem divisão nacional;RJ
19.374.757;CAAC Brasil;Sem divisão nacional;RJ
303.014;Cabense;Sem divisão nacional;PE
314.309;Cabo Branco (PB);Sem divisão nacional;PB
301.247;Cabofriense;Sem divisão nacional;RJ
19.052.629;Caçadorense;Sem divisão nacional;SC
19.019.939;Cacerense;Sem divisão nacional;MT
313.222;Cáceres;Sem divisão nacional;MT
311.957;Cachoeiro;Sem divisão nacional;ES
2.000.012.133;Caeté;Sem divisão nacional;PA
313.299;Caiçara;Sem divisão nacional;PI
19.005.303;Calafete (MG);Sem divisão nacional;MG
301.182;Caldense;Sem divisão nacional;MG
313.675;Calouros do Ar;Sem divisão nacional;CE
301.115;Camaçari;Sem divisão nacional;BA
8.832.329;Camaçariense;Sem divisão nacional;BA
19.066.402;Cambará;Sem divisão nacional;PR
19.023.901;Cambé;Sem divisão nacional;PR
8.832.366;Camboriú;Brasileirão Série D;SC
19.112.044;Cametá;Sem divisão nacional;PA
19.152.077;Campineira;Sem divisão nacional;SP
301.210;Campinense;Brasileirão Série D;PB
19.342.669;Campo Grande (CE);Sem divisão nacional;CE
301.249;Campo Grande (RJ);Sem divisão nacional;RJ
19.066.531;Campo Mourão;Sem divisão nacional;PR
2.000.255.424;Campo Novo;Sem divisão nacional;MT
19.325.790;Campos (RJ);Sem divisão nacional;RJ
312.294;Campos Elísios;Sem divisão nacional;SP
19.382.026;Canaã (DF);Sem divisão nacional;DF
2.000.281.081;Canaã (PA);Sem divisão nacional;PA
19.023.909;Canindé;Sem divisão nacional;SE
314.976;Canoas SC;Sem divisão nacional;RS
19.204.044;Canoinhas;Sem divisão nacional;SC
311.112;Canto do Rio;Sem divisão nacional;RJ
313.442;Capelense (AL);Sem divisão nacional;AL
19.005.469;Capital (DF);Sem divisão nacional;DF
19.275.235;Capital (TO);Sem divisão nacional;TO
2.000.152.145;Capitão Poço;Sem divisão nacional;PA
318.891;Capivariano;Sem divisão nacional;SP
19.143.843;Capixaba;Sem divisão nacional;ES
308.940;Carajás;Sem divisão nacional;PA
19.169.995;Carapebus;Sem divisão nacional;RJ
2.000.133.606;Caravaggio (SC);Sem divisão nacional;SC
19.112.462;Carazinho;Sem divisão nacional;RS
2.000.004.151;Carbonífera;Sem divisão nacional;RJ
314.782;Carioca (RJ);Sem divisão nacional;RJ
2.000.079.925;Cariri;Sem divisão nacional;CE
19.341.556;Carlos Renaux;Sem divisão nacional;SC
2.000.288.716;Carmópolis;Sem divisão nacional;SE
19.338.533;Caruaru City;Sem divisão nacional;PE
301.370;Cascavel CR;Sem divisão nacional;PR
19.046.984;Cascavel EC;Sem divisão nacional;PR
311.962;Casimiro de Abreu;Sem divisão nacional;RJ
313.234;Cassilandense;Sem divisão nacional;MS
301.206;Castanhal;Sem divisão nacional;PA
19.128.177;Castelense (ES);Sem divisão nacional;ES
313.355;Castelo;Sem divisão nacional;ES
19.354.437;Catanduva;Sem divisão nacional;SP
314.784;Cattete;Sem divisão nacional;RJ
311.960;Catuense;Sem divisão nacional;BA
19.019.862;Caucaia;Brasileirão Série D;CE
301.266;Caxias;Brasileirão Série D;RS
314.320;Caxias (ES);Sem divisão nacional;ES
309.744;Caxias (SC);Sem divisão nacional;SC
311.949;Caxiense;Sem divisão nacional;MA
19.048.283;CDC;Sem divisão nacional;
313.515;CEA (AP);Sem divisão nacional;AP
311.103;CEAC/Araruama;Sem divisão nacional;RJ
104.749;Ceará;Brasileirão Série B Betano;CE
2.000.235.287;Ceart;Sem divisão nacional;MS
2.000.029.691;CEFAT;Sem divisão nacional;CE
313.351;Ceilandense;Sem divisão nacional;DF
311.000;Ceilândia;Brasileirão Série D;DF
311.955;CENE;Sem divisão nacional;MS
301.230;Central (PE);Sem divisão nacional;PE
320.390;Central de Barra;Sem divisão nacional;RJ
2.000.232.734;Central Paraíso;Sem divisão nacional;RJ
309.614;Centro Limoeirense;Sem divisão nacional;PE
2.000.154.412;Centro Oeste;Sem divisão nacional;GO
19.019.936;CEO;Sem divisão nacional;AL
19.045.623;Cerâmica;Sem divisão nacional;RS
311.964;Ceres (RJ);Sem divisão nacional;RJ
2.000.138.605;Cerrado (GO);Sem divisão nacional;GO
314.614;CEUB (DF);Sem divisão nacional;DF
314.735;CFA;Sem divisão nacional;
313.352;CFZ (DF);Sem divisão nacional;DF
107.228;CFZ (RJ);Sem divisão nacional;RJ
8.832.346;Chã Grande;Sem divisão nacional;PE
318.918;Chapadinha;Sem divisão nacional;MA
301.304;Chapecoense;Brasileirão Série B Betano;SC
314.600;Cianorte;Sem divisão nacional;PR
309.767;CIP (SC);Sem divisão nacional;SC
19.152.072;Civilsan;Sem divisão nacional;DF
309.650;Clíper;Sem divisão nacional;AM
314.313;Clube Astréa;Sem divisão nacional;PB
19.152.071;Coenge;Sem divisão nacional;DF
19.143.263;Coimbra;Sem divisão nacional;MG
314.328;Colatina (ES);Sem divisão nacional;ES
19.151.901;Colatina SE;Sem divisão nacional;ES
313.337;Colinas;Sem divisão nacional;TO
301.117;Colo-Colo (BA);Sem divisão nacional;BA
19.152.066;Colombo (DF);Sem divisão nacional;DF
2.000.118.713;Colorado Caieiras;Sem divisão nacional;SP
309.777;Colorado EC (PR);Sem divisão nacional;PR
314.688;Comercial (ES);Sem divisão nacional;ES
301.181;Comercial (MS);Sem divisão nacional;MS
313.366;Comercial (PI);Sem divisão nacional;PI
309.786;Comercial (PR);Sem divisão nacional;PR
301.336;Comercial (SP);Sem divisão nacional;SP
312.327;Comercial de Joaçaba;Sem divisão nacional;SC
2.000.214.116;Comercial Tietê;Sem divisão nacional;SP
2.000.240.525;Comercial TL;Sem divisão nacional;MS
19.281.310;Conceição (PE);Sem divisão nacional;PE
8.832.365;Concórdia;Brasileirão Série D;SC
19.044.044;Confiança (RJ);Sem divisão nacional;RJ
301.323;Confiança (SE);Brasileirão Série C;SE
314.291;Confiança de Sapé;Sem divisão nacional;PB
19.164.274;Conilon;Sem divisão nacional;ES
19.107.394;Contagem;Sem divisão nacional;MG
19.138.845;Cordino;Brasileirão Série D;MA
319;Corinthians;Brasileirão Assaí;SP
2.000.003.894;Corinthians de São Bernardo do Campo;Sem divisão nacional;SP
314.773;Corinthians PP;Sem divisão nacional;SP
309.629;Corintians de Caicó;Sem divisão nacional;RN
313.301;Corisabbá;Sem divisão nacional;PI
104.776;Coritiba;Brasileirão Assaí;PR
309.621;Coritiba (SE);Sem divisão nacional;SE
313.787;Coroatá;Sem divisão nacional;MA
313.901;Corumbaense;Sem divisão nacional;MS
8.832.327;Coruripe;Sem divisão nacional;AL
19.036.102;Costa Rica (MS);Sem divisão nacional;MS
314.767;Costeira;Sem divisão nacional;PR
313.325;Cotingüiba;Sem divisão nacional;SE
314.973;Coxim;Sem divisão nacional;MS
311.002;CR Guará;Sem divisão nacional;DF
303.018;CRAC;Brasileirão Série D;GO
2.108.162;Crateús;Sem divisão nacional;CE
318.864;Crato (CE);Sem divisão nacional;CE
301.102;CRB;Brasileirão Série B Betano;AL
320;Criciúma;Brasileirão Série B Betano;SC
313.254;Cristal (AP);Sem divisão nacional;AP
19.354.772;Cruz Alta;Sem divisão nacional;RS
321;Cruzeiro;Brasileirão Assaí;MG
301.121;Cruzeiro (BA);Sem divisão nacional;BA
19.023.490;Cruzeiro (DF);Sem divisão nacional;DF
313.312;Cruzeiro (RO);Sem divisão nacional;RO
309.736;Cruzeiro (RS);Sem divisão nacional;RS
19.216.006;Cruzeiro de Arapiraca;Brasileirão Série D;AL
19.041.084;Cruzeiro de Itaporanga;Sem divisão nacional;PB
313.575;Cruzeiro do Sul (AM);Sem divisão nacional;AM
19.152.084;Cruzeiro do Sul (DF);Sem divisão nacional;DF
107.210;CSA;Brasileirão Série C;AL
313.251;CSE;Sem divisão nacional;AL
19.009.945;CSP;Sem divisão nacional;PB
19.152.078;CSU;Sem divisão nacional;AM
19.174.915;CTE Colatina;Sem divisão nacional;ES
318.915;Cuiabá;Brasileirão Assaí;MT
19.341.592;Decisão;Sem divisão nacional;PE
19.152.081;Defelê;Sem divisão nacional;DF
19.014.100;Democrata (BA);Sem divisão nacional;BA
301.184;Democrata GV;Brasileirão Série D;MG
311.869;Democrata SL;Sem divisão nacional;MG
104.975;Desportiva;Sem divisão nacional;ES
19.307.964;Desportiva (PA);Sem divisão nacional;PA
314.208;Desportiva (RN);Sem divisão nacional;RN
19.295.789;Desportiva Borborema;Sem divisão nacional;PB
311.953;Desportiva Guarabira;Sem divisão nacional;PB
19.255.066;Desportivo Aliança;Sem divisão nacional;AL
19.046.641;Desportivo Brasil;Sem divisão nacional;SP
319.121;Dimensão Saúde;Sem divisão nacional;AL
313.348;Dínamo (AL);Sem divisão nacional;AL
19.152.067;Dínamo (DF);Sem divisão nacional;DF
2.000.063.304;Dínamo Araxá (MG);Sem divisão nacional;MG
19.075.749;Doce Mel;Sem divisão nacional;BA
313.224;Dom Bosco;Sem divisão nacional;MT
313.317;Dorense;Sem divisão nacional;SE
314.721;Douradense (MS);Sem divisão nacional;MS
2.000.079.933;Dourados;Sem divisão nacional;MS
19.258.282;Doze;Sem divisão nacional;ES
19.007.826;Duque de Caxias;Sem divisão nacional;RJ
311.097;Duquecaxiense;Sem divisão nacional;RJ
312.303;EC Paraná de Londrina (PR);Sem divisão nacional;PR
19.339.799;EC Resende;Sem divisão nacional;RJ
19.179.979;EC São Bernardo;Sem divisão nacional;SP
19.019.863;EC Sírio (SP);Sem divisão nacional;SP
19.014.171;ECO;Sem divisão nacional;SP
318.893;ECUS;Sem divisão nacional;SP
2.000.099.932;Egipciense;Sem divisão nacional;PE
19.326.202;Elite (RS);Sem divisão nacional;RS
312.306;Energia Circular (BA);Sem divisão nacional;BA
320.676;Engenho de Dentro;Sem divisão nacional;RJ
311.113;Entrerriense;Sem divisão nacional;RJ
2.000.152.152;ESMAC;Sem divisão nacional;PA
19.088.042;Espigão;Sem divisão nacional;RO
19.088.838;Espírito Santo FC;Sem divisão nacional;ES
318.868;Espírito Santo SE;Sem divisão nacional;ES
314.962;Esporte;Sem divisão nacional;
19.341.236;Esporte Limoeiro;Sem divisão nacional;CE
19.000.203;Esportiva Guaratinguetá;Sem divisão nacional;SP
19.027.434;Esportiva Itapirense;Sem divisão nacional;SP
301.268;Esportivo;Sem divisão nacional;RS
19.219.019;Esportivo (MG);Sem divisão nacional;MG
313.327;Estanciano;Sem divisão nacional;SE
314.316;Estrela do Mar;Sem divisão nacional;PB
302.108;Estrela do Norte;Sem divisão nacional;ES
310.908;Estrela Potiguar;Sem divisão nacional;RN
19.005.117;Estudantes;Sem divisão nacional;
313.283;Expressinho;Sem divisão nacional;MA
309.764;Externato (SC);Sem divisão nacional;SC
2.000.106.888;Falcon (SE);Brasileirão Série D;SE
311.867;Farroupilha;Sem divisão nacional;RS
309.651;Fast Clube;Sem divisão nacional;AM
19.072.706;FC Cascavel;Brasileirão Série D;PR
19.220.676;FC Marau;Sem divisão nacional;RS
2.000.029.587;FC Pará;Sem divisão nacional;PA
314.314;Felipéia (PB);Sem divisão nacional;PB
19.294.426;Femar;Sem divisão nacional;PB
313.780;Fênix (MA);Sem divisão nacional;MA
318.895;Fernandópolis;Sem divisão nacional;SP
19.005.348;Ferrocarril (RS);Sem divisão nacional;RS
302.144;Ferroviária (SP);Brasileirão Série D;SP
2.000.135.793;Ferroviária de Pindamonha;Sem divisão nacional;SP
313.441;Ferroviário (AL);Sem divisão nacional;AL
301.129;Ferroviário (CE);Brasileirão Série D;CE
313.361;Ferroviário (MA);Sem divisão nacional;MA
19.302.103;Ferroviário (PI);Sem divisão nacional;PI
309.784;Ferroviário (PR);Sem divisão nacional;PR
314.078;Ferroviário (RO);Sem divisão nacional;RO
309.758;Ferroviário (SC);Sem divisão nacional;SC
301.232;Ferroviário de Serra;Sem divisão nacional;PE
319.154;Ferroviário do Cabo;Sem divisão nacional;PE
319.152;Ferroviário do Recife;Sem divisão nacional;PE
19.168.612;FF Sport;Sem divisão nacional;AL
301.306;Figueirense;Brasileirão Série C;SC
19.271.063;Figueirense (MG);Sem divisão nacional;MG
2.114.453;Figueirense B;Sem divisão nacional;SC
322;Flamengo;Brasileirão Assaí;RJ
308.183;Flamengo (PI);Sem divisão nacional;PI
314.616;Flamengo (RO);Sem divisão nacional;RO
2.000.291.266;Flamengo (SE);Sem divisão nacional;SE
311.020;Flamengo (SP);Sem divisão nacional;SP
309.771;Flamengo de Arcoverde;Sem divisão nacional;PE
19.205.119;Flamengo de Guanambi;Sem divisão nacional;BA
19.190.039;Flamengo de Recife;Sem divisão nacional;PE
2.000.003.895;Flamengo EC de Curitibanos;Sem divisão nacional;PR
19.270.038;Floresta (CE);Brasileirão Série C;CE
309.741;Floriano (ES);Sem divisão nacional;ES
323;Fluminense;Brasileirão Assaí;RJ
319.158;Fluminense (PI);Brasileirão Série D;PI
301.123;Fluminense de Feira;Sem divisão nacional;BA
19.247.178;Fluminense do Itaum;Sem divisão nacional;SC
320.389;Fonseca (RJ);Sem divisão nacional;RJ
19.005.336;Football & Athletic;Sem divisão nacional;RJ
313.782;Football AC (MA);Sem divisão nacional;MA
19.274.801;Força e Luz;Sem divisão nacional;RN
19.105.650;Força Jovem Aquidabã;Sem divisão nacional;SE
318.866;Formosa;Sem divisão nacional;GO
104.750;Fortaleza;Brasileirão Assaí;CE
19.066.538;Foz do Iguaçu;Sem divisão nacional;PR
19.215.308;Fragata FC;Sem divisão nacional;RS
301.340;Francana;Sem divisão nacional;SP
19.306.269;Freipaulistano;Sem divisão nacional;SE
107.212;Friburguense;Sem divisão nacional;RJ
19.106.492;Funorte;Sem divisão nacional;MG
2.000.297.236;Futebol com Vida;Sem divisão nacional;RS
2.000.278.502;Futsal Club (Brazil);Sem divisão nacional;
301.363;Galícia;Sem divisão nacional;BA
2.000.095.603;Galo Maringá;Sem divisão nacional;PR
19.164.456;Galvez (AC);Sem divisão nacional;AC
121.262;Gama;Sem divisão nacional;DF
19.005.850;Garibaldi;Sem divisão nacional;RS
301.298;GAS;Sem divisão nacional;RR
314.938;Gaúcho;Sem divisão nacional;RS
19.105.956;Gavião Kyikatejê;Sem divisão nacional;PA
19.019.868;GE Catanduvense (SP);Sem divisão nacional;SP
313.674;Gentilândia (CE);Sem divisão nacional;CE
301.290;Genus;Sem divisão nacional;RO
104.885;Germânia;Sem divisão nacional;SP
19.222.407;Globo;Brasileirão Série D;RN
314.936;Glória;Sem divisão nacional;RS
301.155;Goianésia;Sem divisão nacional;GO
301.157;Goiânia;Sem divisão nacional;GO
102.555;Goiás;Brasileirão Assaí;GO
301.159;Goiatuba;Sem divisão nacional;GO
19.248.712;Gonçalense;Sem divisão nacional;RJ
302.143;Goytacaz;Sem divisão nacional;RJ
19.147.284;Gramadense;Sem divisão nacional;RS
314.204;Grapiúna;Sem divisão nacional;BA
324;Grêmio;Brasileirão Assaí;RS
19.343.094;Grêmio (PE);Sem divisão nacional;PE
309.139;Grêmio Anápolis;Sem divisão nacional;GO
2.106.554;Grêmio Barueri;Sem divisão nacional;SP
19.100.644;Grêmio Brasiliense;Sem divisão nacional;DF
314.776;Grêmio Catanduvense;Sem divisão nacional;SP
8.832.363;Grêmio Coariense;Sem divisão nacional;AM
19.015.572;Grêmio Laranjeiras;Sem divisão nacional;ES
303.020;Grêmio Maringá;Sem divisão nacional;PR
19.144.990;Grêmio Novorizontino;Brasileirão Série B Betano;SP
19.060.644;Grêmio Osasco;Sem divisão nacional;SP
8.832.348;Grêmio Petrolândia;Sem divisão nacional;PE
19.042.909;Grêmio Prudente;Sem divisão nacional;SP
314.082;Grêmio Rondoniense;Sem divisão nacional;RO
309.739;Grêmio Santanense;Sem divisão nacional;RS
2.000.192.526;Gre^mio Valparaíso;Sem divisão nacional;GO
19.026.809;Guaçuano;Sem divisão nacional;SP
309.618;Guajará;Sem divisão nacional;RO
19.152.085;Guanabara (DF);Sem divisão nacional;DF
2.000.138.749;Guanabara City;Sem divisão nacional;GO
19.373.913;Guaporé;Sem divisão nacional;RO
19.140.899;Guaraí;Sem divisão nacional;TO
325;Guarani;Brasileirão Série B Betano;SP
301.188;Guarani (MG);Sem divisão nacional;MG
312.302;Guarani (PR);Sem divisão nacional;PR
312.334;Guarani de Alegrete (RS);Sem divisão nacional;RS
314.607;Guarani de Juazeiro;Sem divisão nacional;CE
301.377;Guarani de Palhoça;Sem divisão nacional;SC
319.170;Guarani de Pouso Alegre;Sem divisão nacional;MG
301.270;Guarani VA;Sem divisão nacional;RS
313.516;Guarany (AP);Sem divisão nacional;AP
309.755;Guarany (BA);Sem divisão nacional;BA
314.692;Guarany (PA);Sem divisão nacional;PA
314.969;Guarany (SE);Sem divisão nacional;SE
2.000.140.203;Guarany Alagoano;Sem divisão nacional;AL
142.370;Guarany de Bagé;Sem divisão nacional;RS
311.868;Guarany de Cachoeira;Sem divisão nacional;RS
310.642;Guarany de Sobral;Sem divisão nacional;CE
314.336;Guarapari;Sem divisão nacional;ES
2.110.399;Guarujá;Sem divisão nacional;SP
19.026.810;Guarulhos;Sem divisão nacional;SP
309.624;Gurupi;Sem divisão nacional;TO
314.789;Helênico (RJ);Sem divisão nacional;RJ
309.743;Hercílio Luz;Brasileirão Série D;SC
314.757;Hermann Aichinger;Sem divisão nacional;SC
19.048.265;Holanda;Sem divisão nacional;AM
78.038.748;Hope;Sem divisão nacional;PR
19.019.881;Horizonte;Sem divisão nacional;CE
19.300.082;Humaitá (AC);Brasileirão Série D;AC
19.080.172;IAPE FC;Sem divisão nacional;MA
314.334;Ibiraçu;Sem divisão nacional;ES
301.234;Íbis;Sem divisão nacional;PE
19.295.790;Íbis (PB);Sem divisão nacional;PB
2.000.114.158;Ibrachina;Sem divisão nacional;SP
313.749;Icasa;Sem divisão nacional;CE
19.296.880;Igrejinha;Sem divisão nacional;RS
19.384.176;Iguaçu;Sem divisão nacional;PR
19.189.354;Iguatu;Brasileirão Série D;CE
301.169;Imperatriz;Sem divisão nacional;MA
2.000.090.692;Império Serrano;Sem divisão nacional;RJ
104.874;Independência;Sem divisão nacional;AC
320.679;Independência (SP);Sem divisão nacional;SP
313.255;Independente (AP);Sem divisão nacional;AP
318.922;Independente (PA);Sem divisão nacional;PA
19.375.489;Independente (RJ);Sem divisão nacional;RJ
19.309.399;Independente (SE);Sem divisão nacional;SE
311.024;Independente (SP);Sem divisão nacional;SP
19.250.470;Independente de Rio Verde;Sem divisão nacional;GO
314.299;Industrial FC (SE);Sem divisão nacional;SE
19.223.517;Inhumas;Sem divisão nacional;GO
311.042;Inter de Bebedouro;Sem divisão nacional;SP
309.142;Inter de Lages;Sem divisão nacional;SC
104.979;Inter de Limeira;Brasileirão Série D;SP
19.337.485;Inter de Minas;Sem divisão nacional;MG
2.000.194.597;Inter SG;Sem divisão nacional;RJ
301.272;Inter SM;Sem divisão nacional;RS
314.967;Intercontinental;Sem divisão nacional;PE
326;Internacional;Brasileirão Assaí;RS
309.748;Internacional (BA);Sem divisão nacional;BA
19.058.813;Internacional (PB);Sem divisão nacional;PB
309.780;Internacional (PR);Sem divisão nacional;PR
2.112.284;Internacional B;Sem divisão nacional;RS
19.295.785;Internacional de Cabedelo;Sem divisão nacional;PB
301.327;Interporto;Brasileirão Série D;TO
301.190;Ipatinga;Sem divisão nacional;MG
301.192;Ipiranga (MG);Sem divisão nacional;MG
19.295.787;Ipiranga (PB);Sem divisão nacional;PB
19.023.432;Ipiranga (SC);Sem divisão nacional;SC
314.301;Ipiranga (SE);Sem divisão nacional;SE
19.388.277;Ipojuca;Sem divisão nacional;PE
19.013.850;Iporá;Brasileirão Série D;GO
19.168.663;Iranduba;Sem divisão nacional;AM
303.022;Iraty;Sem divisão nacional;PR
19.019.865;Iris (PE);Sem divisão nacional;PE
309.774;Íris (SC);Sem divisão nacional;SC
301.325;Itabaiana;Sem divisão nacional;SE
19.113.194;Itaberaí;Sem divisão nacional;GO
2.000.193.910;Itabirito;Sem divisão nacional;MG
19.169.872;Itaboraí;Sem divisão nacional;RJ
2.114.726;Itaboraí Profute;Sem divisão nacional;RJ
312.324;Itabuna;Sem divisão nacional;BA
317.242;Itacuruba;Sem divisão nacional;PE
107.214;Itaperuna;Sem divisão nacional;RJ
301.131;Itapipoca;Sem divisão nacional;CE
2.106.412;Itararé;Sem divisão nacional;SP
2.000.079.931;Itarema;Sem divisão nacional;CE
107.216;Ituano;Brasileirão Série B Betano;SP
19.170.178;Ituiutaba;Sem divisão nacional;MG
301.163;Itumbiara;Sem divisão nacional;GO
19.400.991;Itupiranga;Sem divisão nacional;PA
19.392.634;ITZ Sport;Sem divisão nacional;MA
313.248;Ivinhema;Sem divisão nacional;MS
314.199;Izabelense;Sem divisão nacional;PA
301.218;J. Malucelli;Sem divisão nacional;PR
319.168;Jabaquara;Sem divisão nacional;SP
303.614;Jaboticabal;Sem divisão nacional;SP
312.298;Jacarezinho (PR);Sem divisão nacional;PR
317.943;Jaciara;Sem divisão nacional;MT
19.239.452;Jacobina;Sem divisão nacional;BA
19.306.328;Jacobinense;Sem divisão nacional;BA
319.115;Jacuipense;Brasileirão Série D;BA
19.370.233;Jacyobá;Sem divisão nacional;AL
19.244.654;Jaguar;Sem divisão nacional;PE
19.152.076;Jaguar (DF);Sem divisão nacional;DF
319.135;Jaguaré;Sem divisão nacional;ES
19.335.065;Jaguariúna;Sem divisão nacional;SP
19.137.714;Jaraguá (GO);Sem divisão nacional;GO
19.165.192;Jaraguá (SC);Sem divisão nacional;SC
19.014.083;Jaruense;Sem divisão nacional;RO
301.367;Jataiense;Sem divisão nacional;GO
2.000.053.712;JC;Sem divisão nacional;AM
19.044.051;Jequiá;Sem divisão nacional;AL
314.206;Jequié;Sem divisão nacional;BA
301.292;Ji-Paraná;Sem divisão nacional;RO
301.310;Joinville;Sem divisão nacional;SC
19.106.016;José Bonifácio;Sem divisão nacional;SP
319.623;Joseense;Sem divisão nacional;SP
19.079.916;Juazeirense;Sem divisão nacional;BA
301.125;Juazeiro (BA);Sem divisão nacional;BA
301.133;Juazeiro (CE);Sem divisão nacional;CE
19.007.775;Junior Team;Sem divisão nacional;PR
327;Juventude;Brasileirão Série B Betano;RS
301.173;Juventude (MT);Sem divisão nacional;MT
19.006.291;Juventude Samas;Sem divisão nacional;MA
313.244;Juventus (AC);Sem divisão nacional;AC
313.517;Juventus (AP);Sem divisão nacional;AP
19.138.869;Juventus (RJ);Sem divisão nacional;RJ
107.218;Juventus (SP);Sem divisão nacional;SP
312.326;Juventus Jaraguá;Sem divisão nacional;SC
19.015.030;Juventus Minasnovense;Sem divisão nacional;MG
19.059.605;JV Lideral;Sem divisão nacional;MA
313.773;Kaburé;Sem divisão nacional;TO
309.622;Lagartense;Sem divisão nacional;SE
19.112.334;Lagarto (SE);Sem divisão nacional;SE
314.304;Lagarto EC (SE);Sem divisão nacional;SE
2.000.210.017;Laguna (RN);Sem divisão nacional;RN
314.911;Lajeadense;Sem divisão nacional;RS
19.163.369;Laranja Mecânica;Sem divisão nacional;PR
309.765;Lauro Müller (SC);Sem divisão nacional;SC
19.024.262;Legião;Sem divisão nacional;DF
19.048.215;Lemense;Sem divisão nacional;SP
309.759;Leônico;Sem divisão nacional;BA
2.000.208.897;Librade;Sem divisão nacional;AM
314.598;Limoeiro;Sem divisão nacional;CE
314.772;Linense (SP);Sem divisão nacional;SP
19.005.973;Linhares;Sem divisão nacional;ES
301.140;Linhares EC;Sem divisão nacional;ES
19.021.018;Linhares FC;Sem divisão nacional;ES
900.678;Londrina;Brasileirão Série B Betano;PR
19.008.145;Londrina B;Sem divisão nacional;PR
19.259.058;Lucena (PB);Sem divisão nacional;PB
313.781;Luso Brasileiro (MA);Sem divisão nacional;MA
8.832.317;Luverdense;Sem divisão nacional;MT
313.267;Luziânia;Sem divisão nacional;DF
19.152.070;Luziânia EC;Sem divisão nacional;DF
311.971;Macaé;Sem divisão nacional;RJ
313.258;Macapá;Sem divisão nacional;AP
19.339.654;Maceió;Sem divisão nacional;AL
19.045.385;Mackenzie (RJ);Sem divisão nacional;RJ
312.293;Mackenzie (SP);Sem divisão nacional;SP
107.220;Madureira;Sem divisão nacional;RJ
19.045.495;Magé Brescia;Sem divisão nacional;RJ
19.364.905;Mageense;Sem divisão nacional;RJ
313.578;Maguari (CE);Sem divisão nacional;CE
2.000.099.931;Maguary (PE);Sem divisão nacional;PE
301.194;Mamoré;Sem divisão nacional;MG
2.000.112.366;Manauara;Sem divisão nacional;AM
19.220.160;Manaus;Brasileirão Série C;AM
313.574;Manaus Athletic Club (AM);Sem divisão nacional;AM
313.580;Manaus Sporting (AM);Sem divisão nacional;AM
2.000.126.338;Manchester JF;Sem divisão nacional;MG
301.237;Manchete;Sem divisão nacional;PE
312.300;Mandaguari EC (PR);Sem divisão nacional;PR
19.005.316;Mangueira (RJ);Sem divisão nacional;RJ
19.157.249;Manthiqueira;Sem divisão nacional;SP
320.388;Manufatora (RJ);Sem divisão nacional;RJ
19.043.091;Maracanã;Sem divisão nacional;CE
314.956;Maranguape;Sem divisão nacional;CE
301.171;Maranhão;Brasileirão Série D;MA
301.316;Marcílio Dias;Sem divisão nacional;SC
19.344.101;Maricá;Sem divisão nacional;RJ
311.026;Marília;Sem divisão nacional;SP
19.145.268;Maringá;Brasileirão Série D;PR
313.321;Maruinense;Sem divisão nacional;SE
301.342;Matonense;Sem divisão nacional;SP
19.354.612;Mauá;Sem divisão nacional;SP
318.901;Mauaense;Sem divisão nacional;SP
309.639;Mazagão;Sem divisão nacional;AP
311.105;Mesquita;Sem divisão nacional;RJ
309.769;Metropol (SC);Sem divisão nacional;SC
19.044.043;Metropolitano (RJ);Sem divisão nacional;RJ
319.164;Metropolitano (SC);Sem divisão nacional;SC
19.008.390;Miguel Couto;Sem divisão nacional;RJ
301.103;Miguelense;Sem divisão nacional;AL
314.096;Militar FC (PI);Sem divisão nacional;PI
19.191.548;Minas Boca;Sem divisão nacional;MG
320.677;Minas Gerais;Sem divisão nacional;MG
2.111.642;Mineiros;Sem divisão nacional;MG
314.965;Miramar (PB);Sem divisão nacional;PB
316.775;Miranorte EC;Sem divisão nacional;TO
301.344;Mirassol;Brasileirão Série B Betano;SP
309.646;Misto (MS);Sem divisão nacional;MS
309.644;Mixto (MT);Sem divisão nacional;MT
19.044.041;Modesto (RJ);Sem divisão nacional;RJ
107.222;Mogi Mirim;Sem divisão nacional;SP
2.000.172.789;Monsoon;Sem divisão nacional;RS
309.785;Monte Alegre;Sem divisão nacional;PA
318.903;Monte Azul;Sem divisão nacional;SP
2.112.178;Monte Cristo;Sem divisão nacional;GO
2.000.326.401;Monte Roraima;Sem divisão nacional;RR
316.792;Montes Claros;Sem divisão nacional;MG
313.239;Moreninhas;Sem divisão nacional;MS
19.052.094;Morrinhos;Sem divisão nacional;GO
313.368;Mossoró;Sem divisão nacional;RN
301.172;Moto Club;Sem divisão nacional;MA
314.618;Moto Clube (RO);Sem divisão nacional;RO
314.330;Muniz Freire;Sem divisão nacional;ES
309.358;Murici;Sem divisão nacional;AL
19.391.070;Nação Araquari;Sem divisão nacional;SC
301.108;Nacional (AM);Brasileirão Série D;AM
314.691;Nacional (PA);Sem divisão nacional;PA
314.602;Nacional (PR);Sem divisão nacional;PR
19.005.344;Nacional (RS);Sem divisão nacional;RS
304.422;Nacional (SP);Sem divisão nacional;SP
2.111.651;Nacional de Cabedelo;Sem divisão nacional;PB
19.223.319;Nacional de Muriaé;Sem divisão nacional;MG
313.293;Nacional de Patos;Brasileirão Série D;PB
310.899;Nacional de Uberaba;Sem divisão nacional;MG
19.140.788;Nacional Esporte;Sem divisão nacional;
19.058.116;Nauás;Sem divisão nacional;AC
328;Náutico;Brasileirão Série C;PE
2.000.199.992;Náutico (MS);Sem divisão nacional;MS
309.143;Náutico (RR);Sem divisão nacional;RR
19.020.252;Navegantes;Sem divisão nacional;SC
314.718;Naviraiense;Sem divisão nacional;MS
19.342.416;NC/Paraíso;Sem divisão nacional;TO
303.612;Noroeste;Sem divisão nacional;SP
314.690;Norte Clube (PA);Sem divisão nacional;PA
2.000.194.009;North (MG);Sem divisão nacional;MG
311.115;Nova Cidade;Sem divisão nacional;RJ
19.343.086;Nova Friburgo;Sem divisão nacional;RJ
311.107;Nova Iguaçu;Brasileirão Série D;RJ
19.390.290;Nova Mutum;Sem divisão nacional;MT
19.168.822;Nova Prata;Sem divisão nacional;RS
19.108.449;Nova Russas;Sem divisão nacional;CE
19.066.399;Nova Rússia;Sem divisão nacional;PR
2.000.106.913;Nova Venecia;Sem divisão nacional;ES
19.185.286;Novo;Sem divisão nacional;MS
19.221.348;Novo Esporte;Sem divisão nacional;MG
308.628;Novo Hamburgo;Brasileirão Série D;RS
309.140;Novo Horizonte (GO);Sem divisão nacional;GO
19.339.795;Novo Horizonte (RS);Sem divisão nacional;RS
302.141;Novorizontino;Sem divisão nacional;SP
313.303;Oeiras;Sem divisão nacional;PI
19.390.921;Oeirense;Sem divisão nacional;PI
311.028;Oeste Barueri;Sem divisão nacional;SP
104.870;Olaria;Sem divisão nacional;RJ
19.342.606;Olímpia (BA);Sem divisão nacional;BA
301.346;Olímpia (SP);Sem divisão nacional;SP
314.305;Olímpico;Sem divisão nacional;
310.299;Olímpico (SC);Sem divisão nacional;SC
313.577;Olímpico Clube;Sem divisão nacional;AM
19.136.483;Olinda;Sem divisão nacional;PE
19.066.400;Olinda (PR);Sem divisão nacional;PR
309.761;Olympic (MG);Sem divisão nacional;MG
107.242;Operário (MS);Brasileirão Série D;MS
311.086;Operário (PR);Brasileirão Série C;PR
309.745;Operário (SC);Sem divisão nacional;SC
313.238;Operário de Caarapó;Sem divisão nacional;MS
19.219.036;Operário FC (MT);Sem divisão nacional;MT
19.113.405;Operário Manacapuru;Sem divisão nacional;AM
313.902;Operário VG;Brasileirão Série D;MT
313.256;Oratório;Sem divisão nacional;AP
313.673;Orion (CE);Sem divisão nacional;CE
2.115.786;Osvaldo Cruz;Sem divisão nacional;SP
314.089;Ouro Preto;Sem divisão nacional;MG
19.343.525;Pacajus;Brasileirão Série D;CE
19.157.254;Pacatuba;Sem divisão nacional;CE
19.192.557;Paduano;Sem divisão nacional;RJ
302.148;Paissandu (RJ);Sem divisão nacional;RJ
19.005.366;Paladino (RJ);Sem divisão nacional;RJ
314.300;Palestra FC (SE);Sem divisão nacional;SE
309.783;Palestra Itália (PR);Sem divisão nacional;PR
301.329;Palmas;Sem divisão nacional;TO
19.144.619;Palmeira de Goianinha;Sem divisão nacional;RN
329;Palmeiras;Brasileirão Assaí;SP
312.333;Palmeiras (MG);Sem divisão nacional;MG
314.310;Palmeiras (PB);Sem divisão nacional;PB
314.100;Palmeiras (PI);Sem divisão nacional;PI
314.786;Palmeiras AC (RJ);Sem divisão nacional;RJ
318.885;Palmeiras B;Sem divisão nacional;SP
19.339.647;Panther (PA);Sem divisão nacional;PA
2.000.194.595;Paracatu;Sem divisão nacional;MG
19.118.677;Paracuru;Sem divisão nacional;CE
19.343.529;Paraense;Sem divisão nacional;PA
19.184.583;Paragominas;Sem divisão nacional;PA
301.348;Paraguaçuense;Sem divisão nacional;SP
19.295.779;Parahyba;Sem divisão nacional;PB
19.295.782;Parahyba Sport;Sem divisão nacional;PB
19.295.780;Parahyba United;Sem divisão nacional;PB
19.046.205;Paraíba do Sul;Sem divisão nacional;RJ
314.946;Paraisense;Sem divisão nacional;MG
309.626;Paraíso (TO);Sem divisão nacional;TO
330;Paraná;Sem divisão nacional;PR
19.008.147;Paraná B;Sem divisão nacional;PR
19.339.645;Paranaense;Sem divisão nacional;PR
314.604;Paranavaí;Sem divisão nacional;PR
8.832.334;Paranoá;Sem divisão nacional;DF
2.000.239.360;Paraty;Sem divisão nacional;RJ
19.112.766;Parauapebas;Sem divisão nacional;PA
2.000.188.892;Parintins;Sem divisão nacional;AM
313.305;Parnahyba;Brasileirão Série D;PI
314.302;Passagem;Sem divisão nacional;RN
301.274;Passo Fundo;Sem divisão nacional;RS
19.363.423;Passos;Sem divisão nacional;MG
2.000.132.216;Patriotas (PR);Sem divisão nacional;PR
309.756;Paula Ramos (SC);Sem divisão nacional;SC
2.000.307.695;Paulínia Universitário;Sem divisão nacional;SP
301.338;Paulista;Sem divisão nacional;SP
104.873;Paulistano;Sem divisão nacional;SP
2.000.170.932;Paulistano (MT);Sem divisão nacional;MT
19.295.788;Paulistano (PB);Sem divisão nacional;PB
19.059.143;Paulistano de São Roque;Sem divisão nacional;SP
331;Paysandu;Brasileirão Série C;PA
314.102;Paysandu (PI);Sem divisão nacional;PI
312.329;Paysandu (SC);Sem divisão nacional;SC
19.152.068;Pederneiras;Sem divisão nacional;SP
2.000.135.569;Pedra Branca (SC);Sem divisão nacional;SC
313.277;Pedreira;Sem divisão nacional;PA
301.276;Pelotas;Sem divisão nacional;RS
19.010.075;Penapolense;Sem divisão nacional;SP
320.373;Penarol (AM);Sem divisão nacional;AM
309.361;Penedense;Sem divisão nacional;AL
309.754;Perdigão (SC);Sem divisão nacional;SC
313.365;Perilima;Sem divisão nacional;PB
19.307.338;Pérolas Negras;Sem divisão nacional;RJ
312.332;Pery Ferroviário EC (SC);Sem divisão nacional;SC
19.023.853;Pesqueira;Sem divisão nacional;PE
314.594;Petrolina;Sem divisão nacional;PE
309.640;Piauí;Sem divisão nacional;PI
301.244;Picos;Sem divisão nacional;PI
19.191.927;Picuiense;Sem divisão nacional;PB
8.832.325;Pimentense;Sem divisão nacional;RO
19.066.401;Pinheiral (PR);Sem divisão nacional;PR
318.923;Pinheirense (PA);Sem divisão nacional;PA
19.305.046;Pinheiro (MA);Sem divisão nacional;MA
301.294;Pinheiro (RO);Sem divisão nacional;RO
19.032.732;Pinheiros (ES);Sem divisão nacional;ES
309.776;Pinheiros (PR);Sem divisão nacional;PR
314.308;Pio X (PB);Sem divisão nacional;PB
19.152.075;Pioneira;Sem divisão nacional;RN
313.331;Pirambu;Sem divisão nacional;SE
19.388.286;Pirapora;Sem divisão nacional;MG
19.047.391;Pires do Rio;Sem divisão nacional;GO
19.058.115;Plácido de Castro;Sem divisão nacional;AC
19.100.646;Planaltina EC;Sem divisão nacional;DF
19.152.065;Planalto;Sem divisão nacional;MA
301.127;Poções;Sem divisão nacional;BA
19.223.667;Poconé;Sem divisão nacional;MT
19.048.341;Poços de Caldas;Sem divisão nacional;MG
2.000.208.042;Pombal (PB);Sem divisão nacional;PB
313.232;Ponta Porã;Sem divisão nacional;MS
19.401.029;Pontaporanense;Sem divisão nacional;MS
332;Ponte Preta;Brasileirão Série B Betano;SP
19.388.619;Ponte Preta (AL);Sem divisão nacional;AL
301.235;Porto (PE);Sem divisão nacional;PE
19.072.298;Porto (SC);Sem divisão nacional;SC
19.366.445;Porto Velho;Sem divisão nacional;RO
313.372;Porto Velho FC;Sem divisão nacional;RO
2.000.060.543;Porto Vitória;Sem divisão nacional;ES
333;Portuguesa;Sem divisão nacional;SP
19.145.345;Portuguesa (MS);Sem divisão nacional;MS
301.251;Portuguesa (RJ);Brasileirão Série D;RJ
301.222;Portuguesa Londrinense;Sem divisão nacional;PR
107.224;Portuguesa Santista;Sem divisão nacional;SP
301.258;Potiguar de Mossoró;Brasileirão Série D;RN
314.755;Potyguar Seridoense;Sem divisão nacional;RN
19.363.420;Pouso Alegre;Brasileirão Série C;MG
318.907;Primavera;Sem divisão nacional;SP
2.000.174.048;Primavera (MT);Sem divisão nacional;MT
313.259;Princesa;Brasileirão Série D;AM
19.044.048;Progresso (RJ);Sem divisão nacional;RJ
309.144;Progresso (RR);Sem divisão nacional;RR
313.329;Propriá;Sem divisão nacional;SE
301.314;Próspera;Sem divisão nacional;SC
19.300.813;PRS;Sem divisão nacional;RS
314.775;Prudentina (SP);Sem divisão nacional;SP
19.105.495;Prudentópolis;Sem divisão nacional;PR
19.026.929;PSTC;Sem divisão nacional;PR
314.311;Pytaguares (PB);Sem divisão nacional;PB
19.052.513;Queimadense;Sem divisão nacional;PB
19.158.917;Queimados;Sem divisão nacional;RJ
2.108.856;Quissamã;Sem divisão nacional;RJ
313.261;Quixadá;Sem divisão nacional;CE
19.152.083;Rabello;Sem divisão nacional;DF
19.302.209;Raça;Sem divisão nacional;
314.771;Radium;Sem divisão nacional;SP
319.156;Ramalat;Sem divisão nacional;PI
317;RB Bragantino;Brasileirão Assaí;SP
2.000.178.064;RB do Norte;Sem divisão nacional;AM
19.154.386;Real (RR);Sem divisão nacional;RR
19.354.764;Real (RS);Sem divisão nacional;RS
19.166.112;Real Ariquemes;Brasileirão Série D;RO
301.138;Real Brasília;Sem divisão nacional;DF
19.140.720;Real Noroeste;Brasileirão Série D;ES
314.315;Red Cross (PB);Sem divisão nacional;PB
19.152.074;Relações Exteriores;Sem divisão nacional;DF
334;Remo;Brasileirão Série C;PA
311.842;Renner (RS);Sem divisão nacional;RS
309.749;República (BA);Sem divisão nacional;BA
19.023.455;Resende;Brasileirão Série D;RJ
311.870;Retiro (MG);Sem divisão nacional;MG
19.382.040;Retrô;Brasileirão Série D;PE
2.000.141.975;Riachão (SE);Sem divisão nacional;SE
319.128;Riacho City;Sem divisão nacional;DF
314.780;Riachuelo (RJ);Sem divisão nacional;RJ
2.000.124.782;Riachuelo (RN);Sem divisão nacional;RN
314.294;Riachuelo (SE);Sem divisão nacional;SE
19.157.135;Ribeirão Pires;Sem divisão nacional;SP
19.039.687;Rio Bananal;Sem divisão nacional;ES
104.868;Rio Branco (AC);Sem divisão nacional;AC
301.142;Rio Branco (ES);Sem divisão nacional;ES
301.196;Rio Branco (MG);Sem divisão nacional;MG
301.226;Rio Branco (PR);Sem divisão nacional;PR
107.226;Rio Branco (SP);Sem divisão nacional;SP
314.332;Rio Branco VN;Sem divisão nacional;ES
318.883;Rio Claro;Sem divisão nacional;SP
320.675;Rio Cricket;Sem divisão nacional;RJ
19.364.934;Rio de Janeiro;Sem divisão nacional;RJ
301.278;Rio Grande;Sem divisão nacional;RS
301.110;Rio Negro (AM);Sem divisão nacional;AM
301.299;Rio Negro (RR);Sem divisão nacional;RR
301.350;Rio Preto;Sem divisão nacional;SP
19.154.371;Rio São Paulo;Sem divisão nacional;RJ
309.740;Rio-Grandense RG;Sem divisão nacional;RS
19.023.908;Riograndense SM;Sem divisão nacional;RS
19.105.740;Riopardense;Sem divisão nacional;SP
19.025.014;Riostrense;Sem divisão nacional;RJ
301.167;Rioverdense;Sem divisão nacional;GO
301.245;River (PI);Sem divisão nacional;PI
314.788;River (RJ);Sem divisão nacional;RJ
313.314;River (RR);Sem divisão nacional;RR
313.323;River Plate (SE);Sem divisão nacional;SE
311.968;Rodoviário;Sem divisão nacional;
19.342.630;Rolândia;Sem divisão nacional;PR
317.355;Roma Apucarana;Sem divisão nacional;PR
19.289.428;Rondoniense;Sem divisão nacional;RO
19.306.367;Rosário Central (SE);Sem divisão nacional;SE
2.000.203.283;Royal de Luziânia;Sem divisão nacional;GO
312.062;Rubro Social;Sem divisão nacional;RJ
19.138.828;Sabiá (MA);Sem divisão nacional;MA
19.294.427;Sabugy;Sem divisão nacional;PB
19.005.119;Salgueiro (PE);Sem divisão nacional;PE
19.272.763;Salvador FC;Sem divisão nacional;BA
313.265;Samambaia;Sem divisão nacional;DF
313.415;Sampaio (AC);Sem divisão nacional;AC
107.230;Sampaio Corrêa;Brasileirão Série B Betano;MA
19.051.303;Sampaio Corrêa (RJ);Sem divisão nacional;RJ
319.165;Santa Catarina;Sem divisão nacional;SC
107.232;Santa Cruz;Brasileirão Série D;PE
19.303.223;Santa Cruz (AL);Sem divisão nacional;AL
313.291;Santa Cruz (PB);Sem divisão nacional;PB
19.170.011;Santa Cruz (RJ);Sem divisão nacional;RJ
2.105.689;Santa Cruz (RN);Sem divisão nacional;RN
301.280;Santa Cruz (RS);Sem divisão nacional;RS
19.366.428;Santa Cruz (SE);Sem divisão nacional;SE
314.303;Santa Cruz (SE) [EXT];Sem divisão nacional;SE
19.277.538;Santa Cruz de Natal;Sem divisão nacional;RN
314.235;Santa Cruz EC (RN);Sem divisão nacional;RN
313.438;Santa Cruz FC (AL) (EXT);Sem divisão nacional;AL
2.000.209.201;Santa Fé (PE);Sem divisão nacional;PE
303.016;Santa Helena;Sem divisão nacional;GO
313.284;Santa Inês;Sem divisão nacional;MA
319.132;Santa Maria (DF);Sem divisão nacional;DF
19.006.290;Santa Quitéria;Sem divisão nacional;MA
2.000.062.934;Santa Quitéria (PR);Sem divisão nacional;PR
303.902;Santa Rita (AL);Sem divisão nacional;AL
2.000.109.059;Santa Rita (PB);Sem divisão nacional;PB
308.941;Santa Rosa (PA);Sem divisão nacional;PA
19.006.563;Santacruzense;Sem divisão nacional;SP
313.514;Santana (AP);Sem divisão nacional;AP
19.023.591;Santarritense;Sem divisão nacional;MG
19.289.565;Santo Amaro;Sem divisão nacional;PE
301.352;Santo André;Brasileirão Série D;SP
301.282;Santo Ângelo;Sem divisão nacional;RS
314.318;Santo Antônio (ES);Sem divisão nacional;ES
335;Santos;Brasileirão Assaí;SP
313.579;Santos (AM);Sem divisão nacional;AM
301.107;Santos (AP);Sem divisão nacional;AP
2.000.152.166;Santos Athletico;Sem divisão nacional;AP
314.198;Santos de Tereré;Sem divisão nacional;PB
309.747;Santos Dumont (BA);Sem divisão nacional;BA
19.339.651;Santos Dumont (MA);Sem divisão nacional;MA
313.286;São Bento (MA);Sem divisão nacional;MA
302.142;São Bento (SP);Sem divisão nacional;SP
2.106.553;São Bernardo;Brasileirão Série C;SP
19.354.776;São Borja;Sem divisão nacional;RS
301.354;São Caetano;Sem divisão nacional;SP
2.108.186;São Carlos;Sem divisão nacional;SP
19.005.307;São Cristóvão (BA);Sem divisão nacional;BA
301.253;São Cristóvão (RJ);Sem divisão nacional;RJ
19.026.904;São Cristóvão (SE);Sem divisão nacional;SE
313.669;São Domingos (AL);Sem divisão nacional;AL
314.619;São Domingos (RO);Sem divisão nacional;RO
19.052.148;São Domingos (SE);Sem divisão nacional;SE
19.013.859;São Francisco (AC);Brasileirão Série D;AC
308.942;São Francisco (PA);Sem divisão nacional;PA
314.695;São Francisco (RR);Sem divisão nacional;RR
19.055.047;São Gabriel (MS);Sem divisão nacional;MS
19.224.752;São Gabriel (RS);Sem divisão nacional;RS
309.635;São Gonçalo (RN);Sem divisão nacional;RN
19.189.823;São Gonçalo EC (RJ);Sem divisão nacional;RJ
19.142.673;São João da Barra;Sem divisão nacional;RJ
303.012;São José (AP);Sem divisão nacional;AP
19.048.344;São José (MA);Sem divisão nacional;MA
19.170.018;São José (RJ);Sem divisão nacional;RJ
301.284;São José (RS);Brasileirão Série C;RS
301.356;São José (SP);Sem divisão nacional;SP
19.051.820;São José (TO);Sem divisão nacional;TO
2.000.154.433;São Luís (MA);Sem divisão nacional;MA
301.286;São Luiz;Sem divisão nacional;RS
310.384;São Mateus;Sem divisão nacional;ES
337;São Paulo;Brasileirão Assaí;SP
313.257;São Paulo (AP);Sem divisão nacional;AP
312.305;São Paulo (BA);Sem divisão nacional;BA
308.944;São Paulo (RS);Sem divisão nacional;RS
104.872;São Paulo Athletic;Sem divisão nacional;SP
19.334.181;São Paulo Crystal;Sem divisão nacional;PB
19.295.784;São Paulo FC (PB);Sem divisão nacional;PB
301.111;São Raimundo (AM);Sem divisão nacional;AM
308.943;São Raimundo (PA);Sem divisão nacional;PA
309.146;São Raimundo (RR);Brasileirão Série D;RR
309.746;São Salvador (BA);Sem divisão nacional;BA
301.357;São-Carlense;Sem divisão nacional;SP
19.300.025;São-Joseense;Brasileirão Série D;PR
320.392;Sapucaia (RJ);Sem divisão nacional;RJ
19.007.279;Sapucaiense;Sem divisão nacional;RS
314.765;Saquarema;Sem divisão nacional;RJ
312.297;Savóia (PR);Sem divisão nacional;PR
19.385.067;SC 12 Horas;Sem divisão nacional;RS
320.678;SC Alumni (SP);Sem divisão nacional;SP
314.785;SC Americano (RJ);Sem divisão nacional;RJ
19.084.683;SC Flamengo (PE);Sem divisão nacional;PE
104.884;SC Internacional (SP);Sem divisão nacional;SP
313.784;SC Sírio (MA);Sem divisão nacional;MA
19.129.636;SE Naviraiense;Sem divisão nacional;MS
309.648;SE Nova Andradina;Sem divisão nacional;MS
310.901;SE Patrocinense;Sem divisão nacional;MG
313.900;SERC;Sem divisão nacional;MS
301.321;Sergipe;Brasileirão Série D;SE
301.144;Serra;Sem divisão nacional;ES
2.000.199.920;Serra Branca;Sem divisão nacional;PB
311.973;Serra Macaense;Sem divisão nacional;RJ
19.164.161;Serra Talhada;Sem divisão nacional;PE
19.249.224;Serranense;Sem divisão nacional;MG
313.295;Serrano (PB);Sem divisão nacional;PB
8.832.352;Serrano (PE);Sem divisão nacional;PE
301.255;Serrano (RJ);Sem divisão nacional;RJ
316.781;Sertãozinho;Sem divisão nacional;SP
19.152.073;Serviço Gráfico;Sem divisão nacional;DF
319.129;SESP Taquatinga;Sem divisão nacional;DF
19.006.929;Sete de Dourados;Sem divisão nacional;MS
19.123.700;Sete de Junho;Sem divisão nacional;SE
311.970;Sete de Setembro;Sem divisão nacional;PE
19.190.079;Sete de Setembro (MG);Sem divisão nacional;MG
2.000.306.764;Sfera;Sem divisão nacional;SP
2.000.255.286;Sharjah Brasil;Sem divisão nacional;SP
309.762;Siderúrgica;Sem divisão nacional;MG
314.694;Sino-Brasileiro (PI);Sem divisão nacional;PI
19.019.859;Sinop (MT);Sem divisão nacional;MT
2.000.059.899;Sírio Libanês (GO);Sem divisão nacional;GO
313.374;SKA Brasil;Sem divisão nacional;SP
311.004;Sobradinho;Sem divisão nacional;DF
310.900;Social;Sem divisão nacional;MG
19.144.922;Socorrense;Sem divisão nacional;SE
19.392.512;Sorriso;Sem divisão nacional;MT
19.032.889;Sorriso EC;Sem divisão nacional;MT
309.641;Sousa;Brasileirão Série D;PB
19.222.877;Sparta (TO);Sem divisão nacional;TO
19.276.480;Spartax;Sem divisão nacional;PB
338;Sport;Brasileirão Série B Betano;PE
19.287.076;Sport (ES);Sem divisão nacional;ES
19.394.514;Sport (SE);Sem divisão nacional;SE
2.000.174.086;Sport Bahia;Sem divisão nacional;BA
308.945;Sport Belém;Sem divisão nacional;PA
19.295.791;Sport João Pessoa;Sem divisão nacional;PB
19.190.856;Sport Lagoa Seca;Sem divisão nacional;PB
2.000.100.561;Sport Sinop;Sem divisão nacional;MT
2.000.054.132;Sporting Maracanã;Sem divisão nacional;CE
309.653;Sul América;Sem divisão nacional;AM
2.000.135.691;Sulbrasil;Sem divisão nacional;RS
301.374;Surubim;Sem divisão nacional;PE
2.106.555;Taboão da Serra;Sem divisão nacional;SP
313.788;Taguatinga;Sem divisão nacional;DF
2.109.247;Tanabi;Sem divisão nacional;SP
19.249.036;Tapajós (PA);Sem divisão nacional;PA
311.034;Taquaritinga;Sem divisão nacional;SP
19.369.919;Taquarussú;Sem divisão nacional;TO
19.140.598;Tarumã;Sem divisão nacional;AM
311.036;Taubaté;Sem divisão nacional;SP
319.126;Terra e Mar;Sem divisão nacional;CE
314.099;Theresinense FC (PI);Sem divisão nacional;PI
19.019.871;Tianguá;Sem divisão nacional;CE
2.113.020;Tigres do Brasil;Sem divisão nacional;RJ
19.186.108;Timbaúba;Sem divisão nacional;PE
19.041.053;Timon (MA);Sem divisão nacional;MA
19.273.689;Timon (PI);Sem divisão nacional;PI
310.645;Tiradentes (CE);Sem divisão nacional;CE
313.789;Tiradentes (DF);Sem divisão nacional;DF
308.946;Tiradentes (PA);Sem divisão nacional;PA
314.101;Tiradentes (PI);Sem divisão nacional;PI
301.331;Tocantinópolis;Brasileirão Série D;TO
19.028.177;Tocantins;Sem divisão nacional;TO
313.339;Tocantins de Miracema;Sem divisão nacional;TO
19.005.116;Toledo (PR);Sem divisão nacional;PR
318.860;Tombense;Brasileirão Série B Betano;MG
309.772;Torre;Sem divisão nacional;PE
312.331;Trabalhista (SC);Sem divisão nacional;SC
309.773;Tramways (CE);Sem divisão nacional;CE
19.019.866;Transways SC (PE);Sem divisão nacional;PE
313.350;Trem;Brasileirão Série D;AP
2.000.077.883;Três Lagoas;Sem divisão nacional;MS
19.009.495;Três Passos;Sem divisão nacional;RS
301.212;Treze;Sem divisão nacional;PB
19.139.754;Tricordiano;Sem divisão nacional;MG
19.108.553;Trieste (PR);Sem divisão nacional;PR
19.023.700;Trindade;Sem divisão nacional;GO
301.318;Tubarão;Sem divisão nacional;SC
107.234;Tuna Luso;Brasileirão Série D;PA
2.000.125.473;Tuntum;Sem divisão nacional;MA
318.911;Tupã;Sem divisão nacional;SP
2.000.057.909;Tupan;Sem divisão nacional;MA
313.785;Tupan SC (MA);Sem divisão nacional;MA
301.198;Tupi;Sem divisão nacional;MG
19.009.099;Tupi (RS);Sem divisão nacional;RS
8.825.473;Tupy (ES);Sem divisão nacional;ES
19.035.623;Tupy de Jussara;Sem divisão nacional;GO
19.040.477;Tupynambás;Sem divisão nacional;MG
310.898;Uberaba;Sem divisão nacional;MG
301.200;Uberlândia;Sem divisão nacional;MG
301.177;Ubiratan;Sem divisão nacional;MS
19.005.435;Ulbra (RO);Sem divisão nacional;RO
19.223.523;Unaí;Sem divisão nacional;MG
2.000.096.694;Uni Souza;Sem divisão nacional;RJ
19.171.304;União (CE);Sem divisão nacional;CE
19.295.786;União (PB);Sem divisão nacional;PB
2.000.099.933;União (PE);Sem divisão nacional;PE
313.250;União ABC;Sem divisão nacional;MS
301.228;União Bandeirante;Sem divisão nacional;PR
301.359;União Barbarense;Sem divisão nacional;SP
19.300.811;União Beltrão;Sem divisão nacional;PR
309.619;União Cacoalense;Sem divisão nacional;RO
313.343;União Carmolandense (TO);Sem divisão nacional;TO
19.087.542;União Central;Sem divisão nacional;RJ
19.281.313;União da Ilha (PE);Sem divisão nacional;PE
313.576;União Esportiva (AM);Sem divisão nacional;AM
19.019.860;União Esportiva (PA);Sem divisão nacional;PA
314.769;União Fluminense (SP);Sem divisão nacional;SP
19.151.082;União Frederiquense;Sem divisão nacional;RS
19.393.407;União Harmonia;Sem divisão nacional;RS
2.000.152.172;União Iacanga;Sem divisão nacional;SP
301.161;União Inhumas;Sem divisão nacional;GO
19.120.805;União Luziense;Sem divisão nacional;MG
311.032;União Mogi;Sem divisão nacional;SP
19.397.708;União Paraense;Sem divisão nacional;PA
301.179;União Rondonópolis;Brasileirão Série D;MT
336;União São João;Sem divisão nacional;SP
2.114.007;União Suzano;Sem divisão nacional;SP
301.239;Unibol;Sem divisão nacional;PE
2.000.182.369;Unidos do Alvorada;Sem divisão nacional;AM
19.382.030;UNIRB;Sem divisão nacional;BA
301.202;URT;Sem divisão nacional;MG
2.000.204.861;Uruaçu;Sem divisão nacional;GO
314.611;Usina Ceará;Sem divisão nacional;CE
314.321;Valério (ES);Sem divisão nacional;ES
301.204;Valeriodoce;Sem divisão nacional;MG
19.007.113;Varginha;Sem divisão nacional;MG
309.775;Varzeano FC (PE);Sem divisão nacional;PE
339;Vasco;Brasileirão Assaí;RJ
104.982;Vasco (AC);Sem divisão nacional;AC
313.783;Vasco (MA);Sem divisão nacional;MA
314.293;Vasco (SE);Sem divisão nacional;SE
318.913;Velo Clube;Sem divisão nacional;SP
308.947;Vênus (PA);Sem divisão nacional;PA
19.023.752;Vera Cruz (PE);Sem divisão nacional;PE
2.000.239.359;Vera Cruz (RJ);Sem divisão nacional;RJ
301.288;Veranópolis;Sem divisão nacional;RS
19.372.402;Verdes Mares;Sem divisão nacional;CE
19.341.662;Verê;Sem divisão nacional;PR
2.000.035.034;VF4;Sem divisão nacional;PB
313.289;Viana;Sem divisão nacional;MA
313.227;Vila Aurora;Sem divisão nacional;MT
314.787;Vila Izabel (RJ);Sem divisão nacional;RJ
19.152.069;Vila Matias;Sem divisão nacional;DF
107.236;Vila Nova (GO);Brasileirão Série B Betano;GO
314.201;Vila Rica;Sem divisão nacional;PA
313.357;Vilavelhense;Sem divisão nacional;ES
313.373;Vilhena;Sem divisão nacional;RO
19.344.658;Vilhenense;Sem divisão nacional;RO
107.238;Villa Nova (MG);Sem divisão nacional;MG
2.000.192.815;Villa Real (MG);Sem divisão nacional;MG
19.145.233;Visão Celeste;Sem divisão nacional;RN
340;Vitória;Brasileirão Série B Betano;BA
313.273;Vitória (ES);Brasileirão Série D;ES
19.086.839;Vitória (PE);Sem divisão nacional;PE
19.020.572;Vitória da Conquista;Sem divisão nacional;BA
313.786;Vitória do Mar;Sem divisão nacional;MA
19.244.675;VOCEM;Sem divisão nacional;SP
107.240;Volta Redonda;Brasileirão Série C;RJ
19.009.948;Votoraty;Sem divisão nacional;SP
19.189.179;Votuporanguense;Sem divisão nacional;SP
310.357;XV de Jaú;Sem divisão nacional;SP
104.978;XV de Piracicaba;Brasileirão Série D;SP
104.988;Ypiranga (AP);Sem divisão nacional;AP
309.750;Ypiranga (BA);Sem divisão nacional;BA
314.979;Ypiranga (PE);Sem divisão nacional;PE
314.617;Ypiranga (RO);Sem divisão nacional;RO
319.160;Ypiranga (RS);Brasileirão Série C;RS
309.768;Ypiranga (SC);Sem divisão nacional;SC
312.292;Ypiranga (SP);Sem divisão nacional;SP
2.000.255.426;Zinza;Sem divisão nacional;RJ
313.670;Zumbi;Sem divisão nacional;AL
