competicao;ano;jogador;clube;gols;jogos;nacionalidade;fonte_url
serie_a;1937;Paulista;Atlético Mineiro;8;6;Brasil;https://pt.wikipedia.org/wiki/Lista_de_artilheiros_do_Campeonato_Brasileiro_de_Futebol
serie_a;1959;Léo Briglia;Bahia;8;14;Brasil;https://pt.wikipedia.org/wiki/Lista_de_artilheiros_do_Campeonato_Brasileiro_de_Futebol
serie_a;1960;Bececê;Fortaleza;8;10;Brasil;https://pt.wikipedia.org/wiki/Lista_de_artilheiros_do_Campeonato_Brasileiro_de_Futebol
serie_a;1961;Pelé;Santos;7;10;Brasil;https://pt.wikipedia.org/wiki/Lista_de_artilheiros_do_Campeonato_Brasileiro_de_Futebol
serie_a;1962;Coutinho;Santos;7;5;Brasil;https://pt.wikipedia.org/wiki/Lista_de_artilheiros_do_Campeonato_Brasileiro_de_Futebol
serie_a;1963;Ruiter;Confiança;9;3;Brasil;https://pt.wikipedia.org/wiki/Lista_de_artilheiros_do_Campeonato_Brasileiro_de_Futebol
serie_a;1964;Pelé;Santos;7;6;Brasil;https://pt.wikipedia.org/wiki/Lista_de_artilheiros_do_Campeonato_Brasileiro_de_Futebol
serie_a;1965;Bita;Náutico;9;9;Brasil;https://pt.wikipedia.org/wiki/Lista_de_artilheiros_do_Campeonato_Brasileiro_de_Futebol
serie_a;1966;Toninho Guerreiro;Santos;10;5;Brasil;https://pt.wikipedia.org/wiki/Lista_de_artilheiros_do_Campeonato_Brasileiro_de_Futebol
serie_a;1966;Bita;Náutico;10;8;Brasil;https://pt.wikipedia.org/wiki/Lista_de_artilheiros_do_Campeonato_Brasileiro_de_Futebol
serie_a;1967;César Maluco;Palmeiras;15;10;Brasil;https://pt.wikipedia.org/wiki/Lista_de_artilheiros_do_Campeonato_Brasileiro_de_Futebol
serie_a;1967;Ademar Pantera;Flamengo;15;14;Brasil;https://pt.wikipedia.org/wiki/Lista_de_artilheiros_do_Campeonato_Brasileiro_de_Futebol
serie_a;1968;Toninho Guerreiro;Santos;18;14;Brasil;https://pt.wikipedia.org/wiki/Lista_de_artilheiros_do_Campeonato_Brasileiro_de_Futebol
serie_a;1969;Edu Coimbra;America;14;9;Brasil;https://pt.wikipedia.org/wiki/Lista_de_artilheiros_do_Campeonato_Brasileiro_de_Futebol
serie_a;1970;Tostão;Cruzeiro;12;18;Brasil;https://pt.wikipedia.org/wiki/Lista_de_artilheiros_do_Campeonato_Brasileiro_de_Futebol
serie_a;1971;Dadá Maravilha;Atlético Mineiro;15;27;Brasil;https://pt.wikipedia.org/wiki/Lista_de_artilheiros_do_Campeonato_Brasileiro_de_Futebol
serie_a;1972;Dadá Maravilha;Atlético Mineiro;17;28;Brasil;https://pt.wikipedia.org/wiki/Lista_de_artilheiros_do_Campeonato_Brasileiro_de_Futebol
serie_a;1972;Pedro Rocha;São Paulo;17;18;Uruguai;https://pt.wikipedia.org/wiki/Lista_de_artilheiros_do_Campeonato_Brasileiro_de_Futebol
serie_a;1973;Ramón;Santa Cruz;21;34;Brasil;https://pt.wikipedia.org/wiki/Lista_de_artilheiros_do_Campeonato_Brasileiro_de_Futebol
serie_a;1974;Roberto Dinamite;Vasco da Gama;16;26;Brasil;https://pt.wikipedia.org/wiki/Lista_de_artilheiros_do_Campeonato_Brasileiro_de_Futebol
serie_a;1975;Flávio Minuano;Internacional;16;25;Brasil;https://pt.wikipedia.org/wiki/Lista_de_artilheiros_do_Campeonato_Brasileiro_de_Futebol
serie_a;1976;Dadá Maravilha;Internacional;16;21;Brasil;https://pt.wikipedia.org/wiki/Lista_de_artilheiros_do_Campeonato_Brasileiro_de_Futebol
serie_a;1977;Reinaldo;Atlético Mineiro;28;18;Brasil;https://pt.wikipedia.org/wiki/Lista_de_artilheiros_do_Campeonato_Brasileiro_de_Futebol
serie_a;1978;Paulinho;Vasco da Gama;19;30;Brasil;https://pt.wikipedia.org/wiki/Lista_de_artilheiros_do_Campeonato_Brasileiro_de_Futebol
serie_a;1979;César;America;13;16;Brasil;https://pt.wikipedia.org/wiki/Lista_de_artilheiros_do_Campeonato_Brasileiro_de_Futebol
serie_a;1980;Zico;Flamengo;21;19;Brasil;https://pt.wikipedia.org/wiki/Lista_de_artilheiros_do_Campeonato_Brasileiro_de_Futebol
serie_a;1981;Nunes;Flamengo;16;17;Brasil;https://pt.wikipedia.org/wiki/Lista_de_artilheiros_do_Campeonato_Brasileiro_de_Futebol
serie_a;1982;Zico;Flamengo;21;23;Brasil;https://pt.wikipedia.org/wiki/Lista_de_artilheiros_do_Campeonato_Brasileiro_de_Futebol
serie_a;1983;Serginho Chulapa;Santos;22;21;Brasil;https://pt.wikipedia.org/wiki/Lista_de_artilheiros_do_Campeonato_Brasileiro_de_Futebol
serie_a;1984;Roberto Dinamite;Vasco da Gama;16;19;Brasil;https://pt.wikipedia.org/wiki/Lista_de_artilheiros_do_Campeonato_Brasileiro_de_Futebol
serie_a;1985;Edmar;Guarani;20;26;Brasil;https://pt.wikipedia.org/wiki/Lista_de_artilheiros_do_Campeonato_Brasileiro_de_Futebol
serie_a;1986;Careca;São Paulo;25;28;Brasil;https://pt.wikipedia.org/wiki/Lista_de_artilheiros_do_Campeonato_Brasileiro_de_Futebol
serie_a;1987;Müller;São Paulo;10;17;Brasil;https://pt.wikipedia.org/wiki/Lista_de_artilheiros_do_Campeonato_Brasileiro_de_Futebol
serie_a;1988;Nílson;Internacional;15;23;Brasil;https://pt.wikipedia.org/wiki/Lista_de_artilheiros_do_Campeonato_Brasileiro_de_Futebol
serie_a;1989;Túlio Maravilha;Goiás;11;18;Brasil;https://pt.wikipedia.org/wiki/Lista_de_artilheiros_do_Campeonato_Brasileiro_de_Futebol
serie_a;1990;Charles;Bahia;11;21;Brasil;https://pt.wikipedia.org/wiki/Lista_de_artilheiros_do_Campeonato_Brasileiro_de_Futebol
serie_a;1991;Paulinho McLaren;Santos;15;16;Brasil;https://pt.wikipedia.org/wiki/Lista_de_artilheiros_do_Campeonato_Brasileiro_de_Futebol
serie_a;1992;Bebeto;Vasco da Gama;18;25;Brasil;https://pt.wikipedia.org/wiki/Lista_de_artilheiros_do_Campeonato_Brasileiro_de_Futebol
serie_a;1993;Guga;Santos;15;17;Brasil;https://pt.wikipedia.org/wiki/Lista_de_artilheiros_do_Campeonato_Brasileiro_de_Futebol
serie_a;1994;Amoroso;Guarani;19;26;Brasil;https://pt.wikipedia.org/wiki/Lista_de_artilheiros_do_Campeonato_Brasileiro_de_Futebol
serie_a;1994;Túlio Maravilha;Botafogo;19;25;Brasil;https://pt.wikipedia.org/wiki/Lista_de_artilheiros_do_Campeonato_Brasileiro_de_Futebol
serie_a;1995;Túlio Maravilha;Botafogo;23;25;Brasil;https://pt.wikipedia.org/wiki/Lista_de_artilheiros_do_Campeonato_Brasileiro_de_Futebol
serie_a;1996;Paulo Nunes;Grêmio;16;27;Brasil;https://pt.wikipedia.org/wiki/Lista_de_artilheiros_do_Campeonato_Brasileiro_de_Futebol
serie_a;1996;Renaldo;Atlético Mineiro;16;20;Brasil;https://pt.wikipedia.org/wiki/Lista_de_artilheiros_do_Campeonato_Brasileiro_de_Futebol
serie_a;1997;Edmundo;Vasco da Gama;29;28;Brasil;https://pt.wikipedia.org/wiki/Lista_de_artilheiros_do_Campeonato_Brasileiro_de_Futebol
serie_a;1998;Viola;Santos;21;28;Brasil;https://pt.wikipedia.org/wiki/Lista_de_artilheiros_do_Campeonato_Brasileiro_de_Futebol
serie_a;1999;Guilherme;Atlético Mineiro;28;27;Brasil;https://pt.wikipedia.org/wiki/Lista_de_artilheiros_do_Campeonato_Brasileiro_de_Futebol
serie_a;2000;Adhemar;São Caetano;22;;Brasil;https://pt.wikipedia.org/wiki/Lista_de_artilheiros_do_Campeonato_Brasileiro_de_Futebol
serie_a;2001;Romário;Vasco da Gama;21;18;Brasil;https://pt.wikipedia.org/wiki/Lista_de_artilheiros_do_Campeonato_Brasileiro_de_Futebol
serie_a;2002;Luís Fabiano;São Paulo;19;23;Brasil;https://pt.wikipedia.org/wiki/Lista_de_artilheiros_do_Campeonato_Brasileiro_de_Futebol
serie_a;2002;Rodrigo Fabri;Grêmio;19;27;Brasil;https://pt.wikipedia.org/wiki/Lista_de_artilheiros_do_Campeonato_Brasileiro_de_Futebol
serie_a;2003;Dimba;Goiás;31;;;https://pt.wikipedia.org/wiki/Campeonato_Brasileiro_de_Futebol_de_2003
serie_a;2004;Washington;Athletico Paranaense;34;38;Brasil;https://pt.wikipedia.org/wiki/Lista_de_artilheiros_do_Campeonato_Brasileiro_de_Futebol
serie_a;2005;Romário;Vasco da Gama;22;;;https://pt.wikipedia.org/wiki/Campeonato_Brasileiro_de_Futebol_de_2005
serie_a;2006;Souza;Goiás;17;;;https://pt.wikipedia.org/wiki/Campeonato_Brasileiro_de_Futebol_de_2006
serie_a;2007;Josiel;Paraná;20;;;https://pt.wikipedia.org/wiki/Campeonato_Brasileiro_de_Futebol_de_2007
serie_a;2008;Keirrison;Coritiba;21;;;https://pt.wikipedia.org/wiki/Campeonato_Brasileiro_de_Futebol_de_2008
serie_a;2008;Kléber Pereira;Santos;21;;;https://pt.wikipedia.org/wiki/Campeonato_Brasileiro_de_Futebol_de_2008
serie_a;2008;Washington;Fluminense;21;;;https://pt.wikipedia.org/wiki/Campeonato_Brasileiro_de_Futebol_de_2008
serie_a;2009;Adriano;Flamengo;19;;;https://pt.wikipedia.org/wiki/Campeonato_Brasileiro_de_Futebol_de_2009
serie_a;2009;Diego Tardelli;Atlético Mineiro;19;;;https://pt.wikipedia.org/wiki/Campeonato_Brasileiro_de_Futebol_de_2009
serie_a;2010;Jonas;Grêmio;23;;;https://pt.wikipedia.org/wiki/Campeonato_Brasileiro_de_Futebol_de_2010
serie_a;2011;Borges;Santos;23;;;https://pt.wikipedia.org/wiki/Campeonato_Brasileiro_de_Futebol_de_2011
serie_a;2012;Fred;Fluminense;20;;;https://pt.wikipedia.org/wiki/Campeonato_Brasileiro_de_Futebol_de_2012
serie_a;2013;Éderson;Atlético Paranaense;21;;;https://pt.wikipedia.org/wiki/Campeonato_Brasileiro_de_Futebol_de_2013
serie_a;2014;Fred;Fluminense;18;;;https://pt.wikipedia.org/wiki/Campeonato_Brasileiro_de_Futebol_de_2014
serie_a;2015;Ricardo Oliveira;Santos;20;;;https://pt.wikipedia.org/wiki/Campeonato_Brasileiro_de_Futebol_de_2015
serie_a;2016;Diego Souza;Sport;14;;;https://pt.wikipedia.org/wiki/Campeonato_Brasileiro_de_Futebol_de_2016
serie_a;2016;Fred;Atlético Mineiro;14;;;https://pt.wikipedia.org/wiki/Campeonato_Brasileiro_de_Futebol_de_2016
serie_a;2016;William Pottker;Ponte Preta;14;;;https://pt.wikipedia.org/wiki/Campeonato_Brasileiro_de_Futebol_de_2016
serie_a;2017;Henrique Dourado;Fluminense;18;;;https://pt.wikipedia.org/wiki/Campeonato_Brasileiro_de_Futebol_de_2017
serie_a;2017;Jô;Corinthians;18;;;https://pt.wikipedia.org/wiki/Campeonato_Brasileiro_de_Futebol_de_2017
serie_a;2018;Gabriel;Santos;18;;;https://pt.wikipedia.org/wiki/Campeonato_Brasileiro_de_Futebol_de_2018
serie_a;2019;Gabriel;Flamengo;25;;;https://pt.wikipedia.org/wiki/Campeonato_Brasileiro_de_Futebol_de_2019
serie_a;2020;Claudinho;Red Bull Bragantino;18;;;https://pt.wikipedia.org/wiki/Campeonato_Brasileiro_de_Futebol_de_2020
serie_a;2020;Luciano;São Paulo;18;;;https://pt.wikipedia.org/wiki/Campeonato_Brasileiro_de_Futebol_de_2020
serie_a;2021;Hulk;Atlético Mineiro;19;;;https://pt.wikipedia.org/wiki/Campeonato_Brasileiro_de_Futebol_de_2021
serie_a;2022;Germán Cano;Fluminense;26;;;https://pt.wikipedia.org/wiki/Campeonato_Brasileiro_de_Futebol_de_2022
serie_a;2023;Paulinho;Atlético Mineiro;20;;;https://pt.wikipedia.org/wiki/Campeonato_Brasileiro_de_Futebol_de_2023
serie_a;2024;Alerrandro;Vitória;15;;;https://pt.wikipedia.org/wiki/Campeonato_Brasileiro_de_Futebol_de_2024
serie_a;2024;Yuri Alberto;Corinthians;15;;;https://pt.wikipedia.org/wiki/Campeonato_Brasileiro_de_Futebol_de_2024
serie_a;2025;Kaio Jorge;Cruzeiro;21;;;https://pt.wikipedia.org/wiki/Campeonato_Brasileiro_de_Futebol_de_2025
