1937;;1959;;1960;;1961;;1962;;1963;;1964;;1965;;1966;;1967;
Colocações finais;;Colocações finais;;Colocações finais;;Campeão;Santos (1º título);Campeão;Santos (2º título);Campeão;Santos (3º título);Campeão;Santos (4º título);Colocações finais;;Colocações finais;;Campeão;Palmeiras (2º título)
Campeão;Atlético Mineiro (1º título);Campeão;Bahia (1º título);Campeão;Palmeiras (1º título);Vice-campeão;Bahia;Vice-campeão;Botafogo;Vice-campeão;Bahia;Vice-campeão;Flamengo;Campeão;Santos (5º título);Campeão;Cruzeiro (1º título);Vice-campeão;Internacional
Vice-campeão;Fluminense;Vice-campeão;Santos;Vice-campeão;Fortaleza;Estatísticas;;Estatísticas;;Estatísticas;;Estatísticas;;Vice-campeão;Vasco da Gama;Vice-campeão;Santos;Estatísticas;
3.º colocado;Rio Branco;Estatísticas;;Estatísticas;;Melhor marcador;Pelé (Santos) – 7 gols;Melhor marcador;Araponga (Campinense) – 8 gols;Melhor marcador;Ruiter (Confiança) – 9 go;Melhor marcador;Gildo (Ceará) - 8 gols;Estatísticas;;Estatísticas;;Melhor marcador;15 gols:
4.º colocado;Portuguesa;Melhor marcador;Léo Briglia (Bahia);Melhor marcador;Bececê (Fortaleza) – 7 gols;1969;;1970;;1971;;1972;;Melhor marcador;Alcindo (Grêmio) – 10 gols;Melhor marcador;10 gols:;;César Maluco (Palmeiras)
Estatísticas;;1968;;1968;;Colocações finais;;Colocações finais;;Colocações finais;;Colocações finais;;1973;;;Bita (Náutico);;Ademar (Flamengo)
Melhor marcador;Paulista (Atlético Mineiro) – 8 gols;Campeão;Botafogo (1º título);Colocações finais;;Campeão;Palmeiras (4º título);Campeão;Fluminense (1º título);Campeão;Atlético Mineiro (2º título);Campeão;Palmeiras (5º título);Colocações finais;;;Toninho Guerreiro (Santos);Melhor ataque (fase inicial);Palmeiras – 31 gols
1967;;Vice-campeão;Fortaleza;Campeão;Santos (6º título);Vice-campeão;Cruzeiro;Vice-campeão;Palmeiras;Vice-campeão;São Paulo;Vice-campeão;Botafogo;Campeão;Palmeiras (6º título);1974;;Melhor defesa (fase inicial);Grêmio – 11 gols
Colocações finais;;Estatísticas;;Vice-campeão;Internacional;Estatísticas;;Estatísticas;;3.º colocado;Botafogo;3.º colocado;Internacional;Vice-campeão;São Paulo;Colocações finais;;1975;
Campeão;Palmeiras (3º título);Melhor marcador;Ferretti (Botafogo) – 7 gols;Estatísticas;;Melhor marcador;Edu (America-RJ) – 14 gols;Melhor marcador;Tostão (Cruzeiro) – 12 gols (competição) - Claudiomiro (Internacional) e Flávio (Fluminense) - 11 gols (fase inicial);4.º colocado;Corinthians;4.º colocado;Corinthians;3.º colocado;Cruzeiro;Campeão;Vasco da Gama (1º título);Colocações finais;
Vice-campeão;Náutico;1977;;Melhor marcador;Toninho (Santos) – 18 gols;Melhor ataque (fase inicial);Atlético Mineiro – 31 gols;Melhor ataque (fase inicial);Cruzeiro – 29 gols;Estatísticas;;Estatísticas;;4.º colocado;Internacional;Vice-campeão;Cruzeiro;Campeão;Internacional (1º título)
Estatísticas;;Colocações finais;;Melhor ataque (fase inicial);Santos – 37 gols;Melhor defesa (fase inicial);Corinthians – 13 gols;Melhor defesa (fase inicial);Palmeiras – 8 g;Melhor marcador;Dario (Atlético Mineiro) – 15 gols;Melhor marcador;17 gols:;Estatísticas;;Estatísticas;;Vice-campeão;Cruzeiro
Melhor marcador;Chicletes (Treze) – 9 gols;Campeão;São Paulo (1º título);Melhor defesa (fase inicial);Palmeiras – 9 gols;1979;;1980;;Melhor ataque (fase inicial);Corinthians – 29 gols;;Pedro Rocha (São Paulo);Melhor marcador;Ramón (Santa Cruz) – 21 gols;Melhor marcador;Roberto Dinamite (Vasco da Gama) – 16 gols;Estatísticas;
1976;;Vice-campeão;Atlético Mineiro;1978;;Colocações finais;;Colocações finais;;Melhor defesa (fase inicial);11 gols:;;Dario (Atlético Mineiro);Melhor ataque (fase inicial);Santos – 39 gols;Melhor ataque (fase inicial);Atlético Mineiro – 33 gols;Melhor marcador;Flávio (Internacional) – 16 gols
Colocações finais;;Estatísticas;;Colocações finais;;Campeão;Internacional (3º título);Campeão;Flamengo (1º título);;Grêmio;1982;;Melhor defesa (fase inicial);Palmeiras – 11 gols;Melhor defesa (fase inicial);8 gols:;Melhor ataque (fase inicial);Internacional – 24 gols
Campeão;Internacional (2º título);Melhor marcador;Reinaldo (Atlético Mineiro) – 28 gols;Campeão;Guarani (1º título);Vice-campeão;Vasco da Gama;Vice-campeão;Atlético Mineiro;;Santos;Colocações finais;;1983;;;Grêmio;Melhor defesa (fase inicial);Cruzeir
Vice-campeão;Corinthians;Melhor ataque (fase inicial);Atlético Mineiro – 26 gols;Vice-campeão;Palmeiras;Estatísticas;;Estatísticas;;1981;;Campeão;Flamengo (2º título);Colocações finais;;;Flamengo;1985;
Estatísticas;;Melhor defesa (fase inicial);3 gols:;Estatísticas;;Melhor marcador;César (America-RJ) – 13 gols;Melhor marcador;Zico (Flamengo) – 21 gols;Colocações finais;;Vice-campeão;Grêmio;Campeão;Flamengo (3º título);1984;;Colocações finais;
Melhor marcador;Dario (Internacional) – 16 gols;;Botafogo;Melhor marcador;Paulinho (Vasco da Gama) – 19 gols;Melhor ataque (fase inicial);Cruzeiro – 21 gols;Melhor ataque (fase inicial);Atlético Mineiro – 22 gols;Campeão;Grêmio (1º título);Estatísticas;;Vice-campeão;Santos;Colocações finais;;Campeão;Coritiba (1º título)
Melhor ataque (fase inicial);Internacional – 25 gols;;São Paulo;Melhor ataque (fase inicial);Cruzeiro – 30 gols;Melhor defesa (fase inicial);4 gols:;Melhor defesa (fase inicial);Santos ;Vice-campeão;São Paulo;Melhor marcador;Zico (Flamengo) – 21 gols;Estatísticas;;Campeão;Fluminense (2º título);Vice-campeão;Bangu
Melhor defesa (fase inicial);2 gols:;;XV de Piracicaba;Melhor defesa (fase inicial);Corinthians – 1 gol;;Brasil de Pelotas;1990;;Estatísticas;;1992;;Melhor marcador;Serginho (Santos) – 22 gols;Vice-campeão;Vasco da Gama;Estatísticas;
;Bahia;1987;;1988;;;Campinense;Colocações finais;;Melhor marcador;Nunes (Flamengo) – 16 gols;Colocações finais;;1993;;Estatísticas;;Melhor marcador;Edmar (Guarani) – 20 gols
;Guarani;Colocações finais;;Colocações finais;;1989;;Campeão;Corinthians (1º título);Melhor ataque (fase inicial);Vasco da Gama – 24 gols;Campeão;Flamengo (4º título);Colocações finais;;Melhor marcador;Roberto Dinamite (Vasco da Gama) – 16 gols;1995;
;Palmeiras;Campeão; Sport (1º título);Campeão;Bahia (2º título);Colocações finais;;Vice-campeão;São Paulo;Melhor defesa (fase inicial);4 gols:;Vice-campeão;Botafogo;Campeão;Palmeiras (7º título);Melhor ataque (fase inicial);20 gols:;Colocações finais;
1986;;Vice-campeão; Guarani;Vice-campeão;Internacional;Campeão;Vasco da Gama (2º título);Rebaixado(s);São José-SP;;Santos;Rebaixado(s);não houve;Vice-campeão;Vitória;;Santos;Campeão;Botafogo (2º título)
Colocações finais;;Estatísticas;;Estatísticas;;Vice-campeão;São Paulo;;Inter de Limeira;;Colorado;Estatísticas;;Rebaixado(s);América Mineiro;;Vasco da Gama;Vice-campeão;Santos
Campeão;São Paulo (2º título);Melhor marcador;Müll;Melhor marcador;Nilson (Internacional) – 15 gols;Estatísticas;;Estatísticas;;1991;;Melhor marcador;Bebeto (Vasco da Gama) – 18 gols;;Ceará;Melhor defesa (fase inicial);Fluminense – 11 g;Rebaixado(s);Paysandu
Vice-campeão;Guarani;1997;;Melhor ataque (fase inicial);Internacional – 35 gols;Melhor marcador;Túlio (Goiás) – 11 gols;Melhor marcador;Charles (Bahia) – 11 gols;Colocações finais;;Melhor ataque (fase inicial);Botafogo – 28 gols;;Coritiba;1994;;;União São João
Estatísticas;;Campeão;Vasco da Gama (3º título);Melhor defesa (fase inicial);Vasco da Gama – 14 gols;Melhor ataque (fase inicial);Náutico – 16 gols;2000;;Campeão;São Paulo (3º título);Melhor defesa (fase inicial);Bragantino – 13 gols;;Santa Cruz;Colocações finais;;Estatísticas;
Melhor marcador;Careca (São Paulo) – 25 gols;Vice-campeão;Palmeiras;1998;;Melhor defesa (fase inicial);Palmeiras – 5 gols;Colocações finais;;Vice-campeão;Bragantino;2002;;;Athletico Paranaense;Campeão;Palmeiras (8º título);Melhor marcador;Túlio (Botafogo) – 23 gols
Melhor ataque (fase inicial);São Paulo – 21 gols;Rebaixado(s);Bahia;Colocações finais;;1999;;Campeão;Vasco da Gama (4º título);Rebaixado(s);Grêmio;Colocações finais;;;Goiás;Vice-campeão;Corinthians;Melhor ataque (fase inicial);Santos – 44 gols
Melhor defesa (fase inicial);2 gols:;;Criciúma;Campeão;Corinthians (2º título);Colocações finais;;Vice-campeão;São Caetano;;Vitória;Campeão;Santos (7º título);;Fortaleza;Rebaixado(s);Remo;Melhor defesa (fase inicial);Fluminense – 16 gol
;Treze;;Fluminense;Vice-campeão;Cruzeiro;Campeão;Corinthians (3º título);Estatísticas;;Estatísticas;;Vice-campeão;Corinthians;;Desportiva Ferroviária;;Náutico;2005;
;Juventus-SP;;União São João;Rebaixado(s);América Mineiro;Vice-campeão;Atlético Mineiro;Melhor marcador;Adhemar (São Caetano) – 22 gols;Melhor marcador;Paulinho McLaren (Santos) – 15 gols;Rebaixado(s);Portuguesa;Estatísticas;;Estatísticas;;Colocações finais;
;Rio Negro-AM;Estatísticas;;;Goiás;Rebaixado(s);Gama;2010;;Melhor ataque (fase inicial);28 gols:;;Palmeiras;Melhor marcador;Guga (Santos) – 14 gols;Melhor marcador;19 gols:;Campeão;Corinthians (4º título)
1996;;Melhor marcador;Edmundo (Vasco da Gama) – 29 gols;;Bragantino;;Paraná;Colocações finais;;;Fluminense;;Gama;2003;;;Túlio (Botafogo);Vice-campeão;Internacional
Colocações finais;;Melhor ataque (fase inicial);Vasco da Gama – 55 gols;;América de Natal;;Juventude;Campeão;Fluminense (3º título);;Atlético Mineiro;;Botafogo;Colocações finais;;;Amoroso (Guarani);3.º colocado;Goiás
Campeão;Grêmio (2º título);Melhor defesa (fase inicial);Juventude – 20 gols;Estatísticas;;;Botafogo-SP;Vice-campeão;Cruzeiro;Melhor defesa (fase inicial);14 gols:;Estatísticas;;Campeão;Cruzeiro (2º título);2004;;4.º colocado;Palmeiras
Vice-campeão;Portuguesa;2007;;Melhor marcador;Viola (Santos) – 21 gols;Estatísticas;;3.º colocado;Corinthians;;São Paulo;Melhor marcador;19 gols:;Vice-campeão;Santos;Colocações finais;;Rebaixado(s);Coritiba
Rebaixado(s);Não houve Rebaixamento por conta de um suposto esquema de suborno na arbitragem;Colocações finais;;Melhor ataque (fase inicial);46 gols:;Melhor marcador;Guilherme (Atlético Mineiro) – 28 gols;4.º colocado;Grêmio;;Bragantino;;Luís Fabiano (São Paulo);3.º colocado;São Paulo;Campeão;Santos (8º título);;Atlético Mineiro
Estatísticas;;Campeão;São Paulo (5º título);;Santos;Melhor ataque (fase inicial);Corinthians – 49 gols;Rebaixado(s);Vitória;2010;;;Rodrigo Fabri (Grêmio);4.º colocado;São Caetano;Vice-campeão;Atlético Paranaense;;Paysandu
Melhor marcador;16 gols:;Vice-campeão;Santos;;Corinthians;Melhor defesa (fase inicial);Ponte Preta – 16 gols;;Guarani;Colocações finais;;Melhor ataque (fase inicial);São Paulo – 57 gols;Rebaixado(s);Fortaleza;3.º colocado;São Paulo;;Brasiliense
;Paulo Nunes (Grêmio);3.º colocado;Flamengo;;Palmeiras;2009;;;Goiás;Campeão;Athletico Paranaense (1º título);Melhor defesa (fase inicial);São Caetano – 28 gols;;Bahia;4.º colocado;Palmeiras;Estatísticas;
;Renaldo (Atlético Mineiro);4.º colocado;Fluminense;Melhor defesa (fase inicial);Sport – 22 gols;Colocações finais;;;Grêmio Prudente;Vice-campeão;São Caetano;2011;;Estatísticas;;Rebaixado(s);Criciúma;Melhor marcador;Romário (Vasco da Gama) – 22 gols
Melhor ataque (fase inicial);42 gols:;Rebaixado(s);Corinthians;2008;;Campeão;Flamengo (5.º título);Estatísticas;;Rebaixado(s);Santa Cruz;Colocações finais;;Melhor marcador;Dimba (Goiás) – 31 gols;;Guarani;Melhor ataque (fase inicial);Corinthians – 87 gols
;Palmeiras;;Paraná;Colocações finais;;Vice-campeão;Internacional;Melhor marcador;Jonas (Grêmio) – 23 gols;;América Mineiro;Campeão;Corinthians (5º título);Melhor ataque (fase inicial);Cruzeiro – 102 gols;;Vitória;Melhor defesa (fase inicial);Internacional – 49 gols
;Grêmio;;Juventude;Campeão;São Paulo (6.º título);3.º colocado;São Paulo;Melhor ataque;Grêmio – 68 gols;;Botafogo-SP;Vice-campeão;Vasco da Gama;Melhor defesa (fase inicial);São Caetano – 37 gols;;Grêmio;Premiações;
Melhor defesa (fase inicial);Guarani – 14 gols;;América de Natal;Vice-campeão;Grêmio;4.º colocado;Cruzeiro;Melhor defesa;Fluminense – 36 gols;;Sport;3.º colocado;Fluminense;Premiações;;Estatísticas;;Melhor jogador;Carlos Tévez (Corinthians)
2006;;Estatísticas;;3.º colocado;Cruzeiro;Rebaixado(s);Coritiba;Premiações;;Estatísticas;;4.º colocado;Flamengo;Melhor jogador;Alex (Cruzeiro);Melhor marcador;Washington (Atlético Paranaense) – 34 gols;(CBF);
Colocações finais;;Melhor marcador;Josiel (Paraná) – 20 gols;4.º colocado;Palmeiras;;Santo André;Melhor jogador;Darío Conca (Fluminense)[1];Melhor marcador;Romário (Vasco da Gama) – 21 gols;Rebaixado(s);Atlético Paranaense;(Placar);;Melhor ataque (fase inicial);Santos – 103 gols;Melhor treinador;Muricy Ramalho (Internacional-RS)
Campeão;São Paulo (4º título);Melhor ataque (fase inicial);Cruzeiro – 73 gols;Rebaixado(s);Figueirense;;Náutico;(CBF);;Melhor ataque (fase inicial);58 gols:;;Ceará;Melhor treinador;Vanderlei Luxemburgo (Cruzeiro);Melhor defesa (fase inicial);São Paulo – 43 gols;Melhor árbitro;Leonardo Gaciba (RS)
Vice-campeão;Internacional;Melhor defesa (fase inicial);São Paulo – 19 gols;;Vasco da Gama;;Sport;Melhor treinador;Muricy Ramalho (Fluminense)[1];;Atlético Paranaense;;América Mineiro;2012;;Premiações;;2014;
Rebaixado(s);Ponte Preta;Premiações;;;Portuguesa;Estatísticas;;Melhor árbitro;Sandro Ricci (DF)[1];Melhor defesa (fase inicial);25 gols:;;Avaí;Colocações finais;;Melhor jogador;Robinho (Santos);Colocações finais;
;Fortaleza;Melhor jogador;Rogério Ceni (São Paulo);;Ipatinga;Melhor marcador;19 gols:;2019;;;São Caetano;Estatísticas;;Campeão;Fluminense (4º título);(Bola de Ouro Placar);;Campeão;Cruzeiro (4º título)
;São Caetano;(CBF);;Estatísticas;;;Adriano (Flamengo);Colocações finais;;2020;;Melhor marcador;Borges (Santos) – 23 gols;Vice-campeão;Atlético Mineiro;2013;;Vice-campeão;São Paulo
;Santa Cruz;Melhor treinador;Muricy Ramalho (São Paulo);Melhor marcador;21 gols:;;Diego Tardelli (Atlético Mineiro);Campeão;Flamengo (6.º título);Colocações finais;;Melhor ataque;Fluminense – 60 gols;3.º colocado;Grêmio;Colocações finais;;3.º colocado;Internacional
Estatísticas;;Melhor árbitro;Leonardo Gaciba (RS);;Keirrison (Coritiba);Melhor ataque (fase inicial);Grêmio – 67 gols;Vice-campeão;Santos;Campeão;Flamengo (7.º título);Melhor defesa;Corinthians – 36 gols;4.º colocado;São Paulo;Campeão;Cruzeiro (3º título);4.º colocado;Corinthians
Melhor marcador;Souza (Goiás) – 17 gols;2016;;;Kléber Pereira (Santos);Melhor defesa (fase inicial);São Paulo – 42 gols;3.º colocado;Palmeiras;Vice-campeão;Internacional;Premiações;;Rebaixado(s);Sport;Vice-campeão;Grêmio;Rebaixado(s);Vitória
Melhor ataque (fase inicial);São Paulo – 66 gols;Colocações finais;;;Washington (Fluminense);Premiações;;4.º colocado;Grêmio;3.º colocado;Atlético Mineiro;Melhor jogador;Neymar (Santos);;Palmeiras;3.º colocado;Atlético Paranaense;;Bahia
Melhor defesa (fase inicial);São Paulo – 32 gols;Campeão;Palmeiras (9º título);Melhor ataque (fase inicial);Flamengo – 67 gols;Melhor jogador;Diego Souza (Palmeiras)[1];Rebaixado(s);Cruzeiro;4.º colocado;São Paulo;(CBF);;;Figueirense;4.º colocado;Botafogo;;Botafogo
Premiações;;Vice-campeão;Santos;Melhor defesa (fase inicial);Grêmio – 35 gols;(CBF);;;CSA;Rebaixado(s);Vasco da Gama;Melhor treinador;Ricardo Gomes;;Atlético Goianiense;Rebaixado(s);Portuguesa;;Criciúma
Melhor jogador;Rogério Ceni (São Paulo);3.º colocado;Flamengo;Premiações;;Melhor treinador;Andrade (Flamengo)[2];;Chapecoense;;Goiás;;Cristóvão Borges (Vasco da Gama);Premiações;;;Vasco da Gama;Estatísticas;
(CBF);;4.º colocado;Atlético Mineiro;Melhor jogador;Hernanes (São Paulo)[1];2018;;;Avaí;;Coritiba;Melhor árbitro;Leandro Pedro Vuaden (RS);Melhor jogador;Fred (Fluminense);;Ponte Preta;Melhor marcador;Fred (Fluminense) – 18 gols
Melhor treinador;Muricy Ramalho (São Paulo);Rebaixado(s);Internacional;(CBF);;Colocações finais;;Estatísticas;;;Botafogo;2021;;(CBF);;;Náutico;Melhor ataque;Cruzeiro – 67 gols
Melhor árbitro;Leonardo Gaciba (RS);;Figueirense;Melhor treinador;Muricy Ramalho (São Paulo)[2];Campeão;Palmeiras (10.º título);Melhor marcador;Gabriel (Flamengo) – 25 gols;Estatísticas;;Colocações finais;;Melhor treinador;Abel Braga (Fluminense);Estatísticas;;Melhor defesa;Grêmio – 24 gols
2015;;;Santa Cruz;2017;;Vice-campeão;Flamengo;Melhor ataque;Flamengo – 86 gols;Melhor marcador;18 gols:;Campeão;Atlético Mineiro (3.º título);Melhor árbitro;Wilton Pereira Sampaio (GO);Melhor marcador;Éderson (Atlético Paranaense) – 21 gols;Premiações;
Colocações finais;;;América Mineiro;Colocações finais;;3.º colocado;Internacional;Melhor defesa;São Paulo – 30 gols;;Claudinho (Red Bull Bragantino);Vice-campeão;Flamengo;2022;;Melhor ataque;Cruzeiro – 77 gols;Melhor jogador;Éverton Ribeiro (Cruzeiro)[1]
Campeão;Corinthians (6º título);Estatísticas;;Campeão;Corinthians (7º título);4.º colocado;Grêmio;Premiações;;;Luciano (São Paulo);3.º colocado;Palmeiras;Colocações finais;;Melhor defesa;Corinthians – 22 gols;(CBF);
Vice-campeão;Atlético Mineiro;Melhor marcador;14 gols:;Vice-campeão;Palmeiras;Rebaixado(s);Sport;Melhor jogador;Bruno Henrique (Flamengo);Melhor ataque;Flamengo – 68 gols;4.º colocado;Fortaleza;Campeão;Palmeiras (11.º título);Premiações;;Melhor treinador;Marcelo Oliveira (Cruzeiro)[1]
3.º colocado;Grêmio;;Diego Souza (Sport);3.º colocado;Santos;;América Mineiro;Melhor goleiro;Santos (Athletico Paranaense);Melhor defesa;Internacional – 35 gols;Rebaixado(s);Grêmio;Vice-campeão;Internacional;Melhor jogador;Éverton Ribeiro (Cruzeiro);Melhor árbitro;Ricardo Marques Ribeiro[1]
4.º colocado;São Paulo;;Fred (Atlético Mineiro);4.º colocado;Grêmio;;Vitória;Melhor jogador jovem;Michael (Goiás);Premiações;;;Bahia;3.º colocado;Fluminense;(CBF);;2024;
Rebaixado(s);Avaí;;William Pottker (Ponte Preta);Rebaixado(s);Coritiba;;Paraná;Melhor treinador;Jorge Jesus (Flamengo);Melhor jogador;Claudinho (Red Bull Bragantino);;Sport;4.º colocado;Corinthians;Melhor treinador;Marcelo Oliveira (Cruzeiro);Colocações finais;
;Vasco da Gama;Melhor ataque;Palmeiras – 62 gols;;Avaí;Estatísticas;;Melhor árbitro;Wilton Pereira Sampaio;Melhor goleiro;Weverton (Palmeiras);;Chapecoense;Rebaixado(s);Ceará;Melhor árbitro;Paulo César de Oliveira;Campeão;Botafogo (3.º título)
;Goiás;Melhor defesa;32 gols:;;Ponte Preta;Melhor marcador;Gabriel (Santos) – 18 gols;Fair play;Corinthians;Melhor jogador jovem;Claudinho (Red Bull Bragantino);Estatísticas;;;Atlético Goianiense;2023;;Vice-campeão;Palmeiras
;Joinville;;Atlético Paranaense;;Atlético Goianiense;Melhor ataque;Palmeiras – 64 gols;;;Melhor treinador;Abel Braga (Internacional);Melhor marcador;Hulk (Atlético Mineiro) – 19 gols;;Avaí;Colocações finais;;3.º colocado;Flamengo
Estatísticas;;;Palmeiras;Estatísticas;;Melhor defesa;Palmeiras – 26 gols;;;Melhor árbitro;Leandro Vuaden;Melhor ataque;Flamengo – 69 gols;;Juventude;Campeão;Palmeiras (12.º título);4.º colocado;Fortaleza
Melhor marcador;Ricardo Oliveira (Santos) – 20 gols;Premiações;;Melhor marcador;18 gols:;Premiações;;;;Fair play;Atlético Mineiro;Melhor defesa;Atlético Mineiro – 34 gols;Estatísticas;;Vice-campeão;Grêmio;Rebaixado(s);Athletico Paranaense
Melhor ataque;Corinthians – 71 gols;Melhor jogador;Gabriel Jesus (Palmeiras);;Henrique Dourado (Fluminense);Melhor jogador;Dudu (Palmeiras);;;;;Premiações;;Melhor marcador;Germán Cano (Fluminense) – 26 gols;3.º colocado;Atlético Mineiro;;Criciúma
Melhor defesa;Corinthians – 31 gols;Melhor goleiro;Jailson (Palmeiras);;Jô (Corinthians);Melhor goleiro;Marcelo Lomba (Internacional);;;;;Melhor jogador;Hulk (Atlético Mineiro);Melhor ataque;Palmeiras – 66 gols;4.º colocado;Flamengo;;Atlético Goianiense
Premiações;;Melhor treinador;Cuca (Palmeiras);Melhor ataque;Palmeiras – 61 gols;Melhor treinador;Luiz Felipe Scolari (Palmeiras);;;;;Melhor goleiro;Weverton (Palmeiras);Melhor defesa;Palmeiras – 27 gols;Rebaixado(s);Santos;;Cuiabá
Melhor jogador;Renato Augusto (Corinthians)[1];Melhor árbitro;Raphael Claus;Melhor defesa;Corinthians – 30 gols;Melhor árbitro;Raphael Claus;;;;;Melhor jogador jovem;André (Fluminense);Premiações;;;Goiás;Estatísticas;
(CBF);;;;Premiações;;;;;;;;Melhor treinador;Cuca (Atlético Mineiro);Melhor jogador;Gustavo Scarpa (Palmeiras);;Coritiba;Melhor marcador;15 gols:
Melhor goleiro;Cássio (Corinthians)[1];;;Melhor jogador;Jô (Corinthians);;;;;;;Melhor árbitro;Bruno Arleu de Araújo;Melhor goleiro;Weverton (Palmeiras);;América Mineiro;;Alerrandro (Vitória)
Melhor treinador;Tite (Corinthians)[1];;;Melhor goleiro;Vanderlei (Santos);;;;;;;Fair play;Corinthians;Melhor jogador jovem;Endrick (Palmeiras);Estatísticas;;;Yuri Alberto (Corinthians)
Melhor árbitro;Anderson Daronco[1];;;Melhor treinador;Fábio Carille (Corinthians);;;;;;;;;Melhor treinador;Abel Ferreira (Palmeiras);Melhor marcador;Paulinho (Atlético Mineiro) – 20 gols;Melhor ataque;Flamengo – 61 gols
2025;;;;Melhor árbitro;Raphael Claus;;;;;;;;;;;Melhor ataque;Palmeiras – 64 gols;Melhor defesa;Botafogo – 29 gols
Colocações finais;;;;;;;;;;;;;;;;Melhor defesa;32 gols:;Premiações;
Campeão;Flamengo (8.º título)[nota 1];;;;;;;;;;;;;;;;Atlético Mineiro;Melhor jogador;Luiz Henrique (Botafogo)
Vice-campeão;Palmeiras;;;;;;;;;;;;;;;;Cruzeiro;Melhor goleiro;John (Botafogo)
3.º colocado;Cruzeiro;;;;;;;;;;;;;;;;;Melhor jogador jovem;Estêvão (Palmeiras)
4.º colocado;Mirassol;;;;;;;;;;;;;;;;;Melhor treinador;Artur Jorge (Botafogo)
Rebaixado(s);Ceará;;;;;;;;;;;;;;;;;Fair play;Bahia
;Fortaleza;;;;;;;;;;;;;;;;;;
;Juventude;;;;;;;;;;;;;;;;;;
;Sport;;;;;;;;;;;;;;;;;;
Estatísticas;;;;;;;;;;;;;;;;;;;
Melhor marcador;Kaio Jorge (Cruzeiro) – 21 gols;;;;;;;;;;;;;;;;;;
Melhor ataque;Flamengo – 78 gols;;;;;;;;;;;;;;;;;;
Melhor defesa;Flamengo – 27 gols;;;;;;;;;;;;;;;;;;
Premiações;;;;;;;;;;;;;;;;;;;
Melhor jogador;Giorgian de Arrascaeta (Flamengo);;;;;;;;;;;;;;;;;;
Melhor goleiro;Agustín Rossi (Flamengo);;;;;;;;;;;;;;;;;;
Melhor jogador jovem;Rayan (Vasco da Gama);;;;;;;;;;;;;;;;;;
Melhor treinador;Rafael Guanaes (Mirassol);;;;;;;;;;;;;;;;;;
Melhor árbitro;Rodrigo José Pereira de Lima;;;;;;;;;;;;;;;;;;
