competicao;ano;rank;mandante;visitante;gols_mandante;gols_visitante;vencedor;perdedor;diff;obs
serie_a;1937;1;Fluminense;Atlético MG;6;0;Fluminense;Atlético MG;6;preencher — A ainda sem goleadas no repo
serie_a;1959;1;Sport;Bahia;6;0;Sport;Bahia;6;preencher — A ainda sem goleadas no repo
serie_a;1960;1;Fluminense;Fonseca;8;0;Fluminense;Fonseca;8;preencher — A ainda sem goleadas no repo
serie_a;1961;1;Metropol;Grêmio;1;6;Grêmio;Metropol;5;preencher — A ainda sem goleadas no repo
serie_a;1961;1;Santos;América;6;1;Santos;América;5;preencher — A ainda sem goleadas no repo
serie_a;1962;1;CRB;Campinense;0;6;Campinense;CRB;6;preencher — A ainda sem goleadas no repo
serie_a;1963;1;Santos;Bahia;6;0;Santos;Bahia;6;preencher — A ainda sem goleadas no repo
serie_a;1964;1;Náutico;Paysandu;6;0;Náutico;Paysandu;6;preencher — A ainda sem goleadas no repo
serie_a;1965;1;Grêmio;Palmeiras;5;1;Grêmio;Palmeiras;4;preencher — A ainda sem goleadas no repo
serie_a;1965;1;Santos;Vasco da Gama;5;1;Santos;Vasco da Gama;4;preencher — A ainda sem goleadas no repo
serie_a;1966;1;Paysandu;Rio Negro-AM;6;0;Paysandu;Rio Negro-AM;6;preencher — A ainda sem goleadas no repo
serie_a;1967;1;Grêmio;Perdigão;8;0;Grêmio;Perdigão;8;preencher — A ainda sem goleadas no repo
serie_a;1967;2;Palmeiras;Vasco da Gama;5;0;Palmeiras;Vasco da Gama;5;preencher — A ainda sem goleadas no repo
serie_a;1968;1;Santos;Bahia;9;2;Santos;Bahia;7;preencher — A ainda sem goleadas no repo
serie_a;1968;2;Botafogo;Metropol (SC);6;1;Botafogo;Metropol (SC);5;preencher — A ainda sem goleadas no repo
serie_a;1969;1;Santos;Portuguesa;6;2;Santos;Portuguesa;4;preencher — A ainda sem goleadas no repo
serie_a;1970;1;Cruzeiro;Ponte Preta;6;0;Cruzeiro;Ponte Preta;6;preencher — A ainda sem goleadas no repo
serie_a;1971;1;Cruzeiro;Ceará;6;0;Cruzeiro;Ceará;6;preencher — A ainda sem goleadas no repo
serie_a;1972;1;Náutico;São Paulo;0;6;São Paulo;Náutico;6;preencher — A ainda sem goleadas no repo
serie_a;1972;1;Flamengo;Botafogo;0;6;Botafogo;Flamengo;6;preencher — A ainda sem goleadas no repo
serie_a;1973;1;América de Natal;Santos;1;6;Santos;América de Natal;5;preencher — A ainda sem goleadas no repo
serie_a;1973;2;Cruzeiro;Vitória;6;1;Cruzeiro;Vitória;5;preencher — A ainda sem goleadas no repo
serie_a;1973;2;Botafogo;Fortaleza;6;1;Botafogo;Fortaleza;5;preencher — A ainda sem goleadas no repo
serie_a;1973;3;Rio Negro-AM;Sergipe;5;0;Rio Negro-AM;Sergipe;5;preencher — A ainda sem goleadas no repo
serie_a;1973;3;Remo;Moto Clube;5;0;Remo;Moto Clube;5;preencher — A ainda sem goleadas no repo
serie_a;1974;1;Flamengo;Paysandu;6;0;Flamengo;Paysandu;6;preencher — A ainda sem goleadas no repo
serie_a;1975;1;Vitória;Internacional;0;5;Internacional;Vitória;5;preencher — A ainda sem goleadas no repo
serie_a;1976;1;Flamengo;Sampaio Corrêa;8;1;Flamengo;Sampaio Corrêa;7;preencher — A ainda sem goleadas no repo
serie_a;1977;1;Bahia;Vitória-ES;7;0;Bahia;Vitória-ES;7;preencher — A ainda sem goleadas no repo
serie_a;1978;1;Guarani;Itabuna;7;0;Guarani;Itabuna;7;preencher — A ainda sem goleadas no repo
serie_a;1979;1;Fluminense;Maranhão;6;0;Fluminense;Maranhão;6;preencher — A ainda sem goleadas no repo
serie_a;1980;1;Vitória;América-RN;8;1;Vitória;América-RN;7;preencher — A ainda sem goleadas no repo
serie_a;1981;1;Flamengo;Fortaleza;8;0;Flamengo;Fortaleza;8;preencher — A ainda sem goleadas no repo
serie_a;1982;1;Guarani;River-PI;8;0;Guarani;River-PI;8;preencher — A ainda sem goleadas no repo
serie_a;1983;1;Corinthians;Tiradentes;10;1;Corinthians;Tiradentes;9;preencher — A ainda sem goleadas no repo
serie_a;1984;1;Vasco;Tuna Luso;9;0;Vasco;Tuna Luso;9;preencher — A ainda sem goleadas no repo
serie_a;1985;1;Flamengo;Santa Cruz;7;0;Flamengo;Santa Cruz;7;preencher — A ainda sem goleadas no repo
serie_a;1986;1;Guarani;Piauí;8;2;Guarani;Piauí;6;preencher — A ainda sem goleadas no repo
serie_a;1987;1;Atlético-MG;Santos;5;1;Atlético-MG;Santos;4;preencher — A ainda sem goleadas no repo
serie_a;1988;1;Goiás;Vitória;6;1;Goiás;Vitória;5;preencher — A ainda sem goleadas no repo
serie_a;1989;1;Flamengo;Fluminense;5;0;Flamengo;Fluminense;5;preencher — A ainda sem goleadas no repo
serie_a;1990;1;Grêmio;Náutico;5;0;Grêmio;Náutico;5;preencher — A ainda sem goleadas no repo
serie_a;1991;1;Goiás;Flamengo;5;1;Goiás;Flamengo;4;preencher — A ainda sem goleadas no repo
serie_a;1991;1;Cruzeiro;Sport;5;1;Cruzeiro;Sport;4;preencher — A ainda sem goleadas no repo
serie_a;1992;1;Botafogo;Goiás;6;0;Botafogo;Goiás;6;preencher — A ainda sem goleadas no repo
serie_a;1993;1;Guarani;Remo;8;2;Guarani;Remo;6;preencher — A ainda sem goleadas no repo
serie_a;1994;1;Atlético-MG;Remo;6;0;Atlético-MG;Remo;6;preencher — A ainda sem goleadas no repo
serie_a;1995;1;Vasco;Paysandu;6;1;Vasco;Paysandu;5;preencher — A ainda sem goleadas no repo
serie_a;1996;1;Sport;Fluminense;6;0;Sport;Fluminense;6;preencher — A ainda sem goleadas no repo
serie_a;1997;1;Internacional;Bragantino;7;0;Internacional;Bragantino;7;preencher — A ainda sem goleadas no repo
serie_a;1998;1;São Paulo;Portuguesa;2;7;Portuguesa;São Paulo;5;preencher — A ainda sem goleadas no repo
serie_a;1999;1;Palmeiras;Grêmio;6;0;Palmeiras;Grêmio;6;preencher — A ainda sem goleadas no repo
serie_a;1999;1;Palmeiras;Botafogo;6;0;Palmeiras;Botafogo;6;preencher — A ainda sem goleadas no repo
serie_a;2000;1;Sport;Atlético MG;6;0;Sport;Atlético MG;6;preencher — A ainda sem goleadas no repo
serie_a;2001;1;Vasco;Guarani;7;1;Vasco;Guarani;6;preencher — A ainda sem goleadas no repo
serie_a;2001;1;Vasco;São Paulo;7;1;Vasco;São Paulo;6;preencher — A ainda sem goleadas no repo
serie_a;2002;1;São Paulo;Fluminense;6;0;São Paulo;Fluminense;6;preencher — A ainda sem goleadas no repo
serie_a;2003;2;Goiás;Juventude;7;0;Goiás;Juventude;7;preencher — A ainda sem goleadas no repo
serie_a;2003;1;Bahia;Cruzeiro;0;7;Cruzeiro;Bahia;7;preencher — A ainda sem goleadas no repo
serie_a;2004;1;São Paulo;Paysandu;7;0;São Paulo;Paysandu;7;preencher — A ainda sem goleadas no repo
serie_a;2005;1;Corinthians;Santos;7;1;Corinthians;Santos;6;preencher — A ainda sem goleadas no repo
serie_a;2006;1;Figueirense;Palmeiras;6;1;Figueirense;Palmeiras;5;preencher — A ainda sem goleadas no repo
serie_a;2007;1;São Paulo;Paraná Clube;6;0;São Paulo;Paraná Clube;6;preencher — A ainda sem goleadas no repo
serie_a;2008;1;Figueirense;Grêmio;1;7;Grêmio;Figueirense;6;preencher — A ainda sem goleadas no repo
serie_a;2009;1;Coritiba;Flamengo;5;0;Coritiba;Flamengo;5;preencher — A ainda sem goleadas no repo
serie_a;2010;1;Avaí;Grêmio Prudente;6;1;Avaí;Grêmio Prudente;5;preencher — A ainda sem goleadas no repo
serie_a;2011;1;Cruzeiro;Atlético-MG;6;1;Cruzeiro;Atlético-MG;5;preencher — A ainda sem goleadas no repo
serie_a;2012;1;Atlético-MG;Figueirense;6;0;Atlético-MG;Figueirense;6;preencher — A ainda sem goleadas no repo
serie_a;2013;1;Atlético-PR;Náutico;6;1;Atlético-PR;Náutico;5;preencher — A ainda sem goleadas no repo
serie_a;2014;1;Botafogo;Criciúma;6;0;Botafogo;Criciúma;6;completar — B só tem ~12 goleadas parciais no CSV atual (ver anexo)
serie_a;2014;1;Goiás;Palmeiras;6;0;Goiás;Palmeiras;6;completar — B só tem ~12 goleadas parciais no CSV atual (ver anexo)
serie_a;2015;1;Internacional;Vasco da Gama;6;0;Internacional;Vasco da Gama;6;completar — B só tem ~12 goleadas parciais no CSV atual (ver anexo)
serie_a;2016;1;São Paulo;Santa Cruz;5;0;São Paulo;Santa Cruz;5;completar — B só tem ~12 goleadas parciais no CSV atual (ver anexo)
serie_a;2016;2;Santa Cruz;Grêmio;5;1;Santa Cruz;Grêmio;4;completar — B só tem ~12 goleadas parciais no CSV atual (ver anexo)
serie_a;2017;1;Athletico-PR;Avaí;5;0;Athletico-PR;Avaí;5;completar — B só tem ~12 goleadas parciais no CSV atual (ver anexo)
serie_a;2017;1;Grêmio;Sport;5;0;Grêmio;Sport;5;completar — B só tem ~12 goleadas parciais no CSV atual (ver anexo)
serie_a;2018;1;Athletico-PR;Chapecoense;5;1;Athletico-PR;Chapecoense;4;completar — B só tem ~12 goleadas parciais no CSV atual (ver anexo)
serie_a;2019;1;Flamengo;Goiás;6;1;Flamengo;Goiás;5;completar — B só tem ~12 goleadas parciais no CSV atual (ver anexo)
serie_a;2019;1;Santos;Goiás;6;1;Santos;Goiás;5;completar — B só tem ~12 goleadas parciais no CSV atual (ver anexo)
serie_a;2019;1;Grêmio;Avaí;6;1;Grêmio;Avaí;5;completar — B só tem ~12 goleadas parciais no CSV atual (ver anexo)
serie_a;2019;1;Flamengo;Avaí;6;1;Flamengo;Avaí;5;completar — B só tem ~12 goleadas parciais no CSV atual (ver anexo)
serie_a;2020;1;Corinthians;Fluminense;5;0;Corinthians;Fluminense;5;completar — B só tem ~12 goleadas parciais no CSV atual (ver anexo)
serie_a;2021;1;Flamengo;Bahia;5;0;Flamengo;Bahia;5;completar — B só tem ~12 goleadas parciais no CSV atual (ver anexo)
serie_a;2022;1;Fortaleza;RB Bragantino;6;0;Fortaleza;RB Bragantino;6;completar — B só tem ~12 goleadas parciais no CSV atual (ver anexo)
serie_a;2023;1;Internacional;Santos;7;1;Internacional;Santos;6;completar — B só tem ~12 goleadas parciais no CSV atual (ver anexo)
serie_a;2024;1;Flamengo;Vasco da Gama;6;1;Flamengo;Vasco da Gama;5;completar — B só tem ~12 goleadas parciais no CSV atual (ver anexo)
serie_a;2024;1;Cuiabá;Fortaleza;5;0;Cuiabá;Fortaleza;5;completar — B só tem ~12 goleadas parciais no CSV atual (ver anexo)
serie_a;2024;1;Palmeiras;Cuiabá;5;0;Palmeiras;Cuiabá;5;completar — B só tem ~12 goleadas parciais no CSV atual (ver anexo)
serie_a;2025;1;Santos;Vasco da Gama;0;6;Vasco da Gama;Santos;6;completar — B só tem ~12 goleadas parciais no CSV atual (ver anexo)
serie_a;2025;1;Fluminense;São Paulo;6;0;Fluminense;São Paulo;6;completar — B só tem ~12 goleadas parciais no CSV atual (ver anexo)
serie_a;2025;1;Flamengo;Juventude;6;0;Flamengo;Juventude;6;completar — B só tem ~12 goleadas parciais no CSV atual (ver anexo)
serie_b;1971;1;CRB;Náutico;6;1;CRB;Náutico;5;completar — B só tem ~12 goleadas parciais no CSV atual (ver anexo)
serie_b;1972;1;Campinense;Calouros do Ar;6;1;Campinense;Calouros do Ar;5;completar — B só tem ~12 goleadas parciais no CSV atual (ver anexo)
serie_b;1980;1;Americano;Botafogo-BA;7;0;Americano;Botafogo-BA;7;completar — B só tem ~12 goleadas parciais no CSV atual (ver anexo)
serie_b;1981;1;Guarani;Serrano-RJ;6;0;Guarani;Serrano-RJ;6;completar — B só tem ~12 goleadas parciais no CSV atual (ver anexo)
serie_b;1982;1;Volta Redonda;Operário-MT;8;0;Volta Redonda;Operário-MT;8;completar — B só tem ~12 goleadas parciais no CSV atual (ver anexo)
serie_b;1983;1;Operário-MS;América-MG;6;0;Operário-MS;América-MG;6;completar — B só tem ~12 goleadas parciais no CSV atual (ver anexo)
serie_b;1984;1;Botafogo-PB;Uberlândia;0;4;Uberlândia;Botafogo-PB;4;completar — B só tem ~12 goleadas parciais no CSV atual (ver anexo)
serie_b;1985;1;Tuna Luso;Fortaleza;5;1;Tuna Luso;Fortaleza;4;completar — B só tem ~12 goleadas parciais no CSV atual (ver anexo)
serie_b;1986;1;América-MG;Mixo-MT;6;1;América-MG;Mixo-MT;5;completar — B só tem ~12 goleadas parciais no CSV atual (ver anexo)
serie_b;1987;1;Sport;Inter de Limeira;4;0;Sport;Inter de Limeira;4;completar — B só tem ~12 goleadas parciais no CSV atual (ver anexo)
serie_b;1987;1;Portuguesa;CSA;4;0;Portuguesa;CSA;4;completar — B só tem ~12 goleadas parciais no CSV atual (ver anexo)
serie_b;1988;1;Inter de Limeira;Atlético-GO;5;1;Inter de Limeira;Atlético-GO;4;completar — B só tem ~12 goleadas parciais no CSV atual (ver anexo)
serie_b;1989;1;Criciúma;Figueirense;6;0;Criciúma;Figueirense;6;completar — B só tem ~12 goleadas parciais no CSV atual (ver anexo)
serie_b;1990;1;Guarani;Moto Clube;6;1;Guarani;Moto Clube;5;completar — B só tem ~12 goleadas parciais no CSV atual (ver anexo)
serie_b;1991;1;Novorizontino;Taguatinga;7;0;Novorizontino;Taguatinga;7;completar — B só tem ~12 goleadas parciais no CSV atual (ver anexo)
serie_b;1992;1;Grêmio;Operário-MT;7;1;Grêmio;Operário-MT;6;completar — B só tem ~12 goleadas parciais no CSV atual (ver anexo)
serie_b;1994;1;Ceará;Tuna Luso;6;1;Ceará;Tuna Luso;5;completar — B só tem ~12 goleadas parciais no CSV atual (ver anexo)
serie_b;1995;1;Coritiba;Ferroviária;8;0;Coritiba;Ferroviária;8;completar — B só tem ~12 goleadas parciais no CSV atual (ver anexo)
serie_b;1996;1;Volta Redonda;Londrina;5;0;Volta Redonda;Londrina;5;completar — B só tem ~12 goleadas parciais no CSV atual (ver anexo)
serie_b;1997;1;América-MG;Tuna Luso;5;0;América-MG;Tuna Luso;5;completar — B só tem ~12 goleadas parciais no CSV atual (ver anexo)
serie_b;1998;1;XV de Piracicaba;Ceará;6;0;XV de Piracicaba;Ceará;6;completar — B só tem ~12 goleadas parciais no CSV atual (ver anexo)
serie_b;1999;1;Remo;Avaí;7;1;Remo;Avaí;6;completar — B só tem ~12 goleadas parciais no CSV atual (ver anexo)
serie_b;2000;1;Desportiva-ES;Serra-ES;6;0;Desportiva-ES;Serra-ES;6;quando houver export — Série C
serie_b;2001;1;Londrina;Desportiva-ES;7;0;Londrina;Desportiva-ES;7;quando houver export — Série D
serie_b;2002;1;Fortaleza;Botafogo-SP;7;1;Fortaleza;Botafogo-SP;6;quando houver export — Copa do Brasil
serie_b;2003;1;Palmeiras;Avaí;1;6;Avaí;Palmeiras;5;
serie_b;2004;1;Marília;Sport;7;1;Marília;Sport;6;
serie_b;2005;1;Bahia;CRB;5;0;Bahia;CRB;5;
serie_b;2006;1;Paulista;Paysandu;9;0;Paulista;Paysandu;9;
serie_b;2007;1;Paulista;Barueri;7;0;Paulista;Barueri;7;
serie_b;2008;1;Corinthians;Gama;5;0;Corinthians;Gama;5;
serie_b;2008;1;Corinthians;Marília;5;0;Corinthians;Marília;5;
serie_b;2009;1;ABC;Brasiliense;6;2;ABC;Brasiliense;4;
serie_b;2010;1;Figueirense;ASA;6;0;Figueirense;ASA;6;
serie_b;2011;1;Ponte Preta;ASA;5;0;Ponte Preta;ASA;5;
serie_b;2012;1;Joinville;Ipatinga;6;0;Joinville;Ipatinga;6;
serie_b;2012;1;Ipatinga;Goiás;0;6;Goiás;Ipatinga;6;
serie_b;2012;1;Portuguesa;Bragantino;5;0;Portuguesa;Bragantino;5;
serie_b;2013;1;Grêmio Barueri;Athletico-PR;0;6;Athletico-PR;Grêmio Barueri;6;
serie_b;2014;1;América-MG;Sport;5;0;América-MG;Sport;5;
serie_b;2015;1;Vasco;Avaí;0;5;Avaí;Vasco;5;
serie_b;2016;1;Botafogo;Sampaio Corrêa;5;0;Botafogo;Sampaio Corrêa;5;
serie_b;2017;1;Luverdense;Brasil de Pelotas;4;0;Luverdense;Brasil de Pelotas;4;
serie_b;2017;1;Paraná Clube;Santa Cruz;4;0;Paraná Clube;Santa Cruz;4;
serie_b;2017;1;Guarani;Paraná Clube;0;4;Paraná Clube;Guarani;4;
serie_b;2018;1;Brasil de Pelotas;Vila Nova (GO);5;0;Brasil de Pelotas;Vila Nova (GO);5;
serie_b;2019;1;Bragantino;Operário-PR;4;0;Bragantino;Operário-PR;4;
serie_b;2019;1;América-MG;Figueirense;0;4;Figueirense;América-MG;4;
serie_b;2019;1;Ponte Preta;Brasil de Pelotas;4;0;Ponte Preta;Brasil de Pelotas;4;
serie_b;2020;1;Juventude;Paraná Clube;6;0;Juventude;Paraná Clube;6;
serie_b;2021;1;Coritiba;Brusque;4;0;Coritiba;Brusque;4;
serie_b;2021;1;Botafogo;Vasco da Gama;4;0;Botafogo;Vasco da Gama;4;
serie_b;2022;1;Novorizontino;Náutico;6;0;Novorizontino;Náutico;6;
serie_b;2023;1;CRB;Vitória;6;0;CRB;Vitória;6;
serie_b;2024;1;Novorizontino;Avaí;4;0;Novorizontino;Avaí;4;
serie_b;2024;1;Sport;Guarani;4;0;Sport;Guarani;4;
serie_b;2024;1;Santos;Coritiba;4;0;Santos;Coritiba;4;
serie_b;2025;1;Santos;Chapecoense;5;0;Santos;Chapecoense;5;
