competicao;ano;nome
copa_do_brasil;1989;América de Natal
copa_do_brasil;1989;Atlético Goianiense
copa_do_brasil;1989;Atlético Mineiro
copa_do_brasil;1989;Atlético Paranaense
copa_do_brasil;1989;Avaí
copa_do_brasil;1989;Blumenau
copa_do_brasil;1989;Botafogo-PB
copa_do_brasil;1989;Confiança
copa_do_brasil;1989;Corinthians
copa_do_brasil;1989;Cruzeiro
copa_do_brasil;1989;CSA
copa_do_brasil;1989;Ferroviário
copa_do_brasil;1989;Flamengo
copa_do_brasil;1989;Flamengo-PI
copa_do_brasil;1989;Fortaleza
copa_do_brasil;1989;Grêmio
copa_do_brasil;1989;Guarani
copa_do_brasil;1989;Ibiraçu
copa_do_brasil;1989;Internacional
copa_do_brasil;1989;Mixto
copa_do_brasil;1989;Náutico
copa_do_brasil;1989;Operário-MS
copa_do_brasil;1989;Paysandu
copa_do_brasil;1989;Pinheiros
copa_do_brasil;1989;Rio Negro-AM
copa_do_brasil;1989;Sampaio Corrêa
copa_do_brasil;1989;Sport
copa_do_brasil;1989;Tiradentes
copa_do_brasil;1989;Vasco da Gama
copa_do_brasil;1989;Vitória
copa_do_brasil;1990;América de Natal
copa_do_brasil;1990;Atlético Mineiro
copa_do_brasil;1990;Atlético Mineiro 50 Vila Nova
copa_do_brasil;1990;Botafogo
copa_do_brasil;1990;Capelense
copa_do_brasil;1990;Coritiba
copa_do_brasil;1990;Criciúma
copa_do_brasil;1990;Cruzeiro
copa_do_brasil;1990;Desportiva Ferroviária
copa_do_brasil;1990;Flamengo
copa_do_brasil;1990;Goiás 50 Operário-MS
copa_do_brasil;1990;Grêmio
copa_do_brasil;1990;Internacional
copa_do_brasil;1990;Joinville
copa_do_brasil;1990;Juventus-AC
copa_do_brasil;1990;Mixto
copa_do_brasil;1990;Moto Club
copa_do_brasil;1990;Náutico
copa_do_brasil;1990;Operário-MS
copa_do_brasil;1990;Remo
copa_do_brasil;1990;Rio Negro-AM
copa_do_brasil;1990;River-PI
copa_do_brasil;1990;Santa Cruz
copa_do_brasil;1990;São José-SP
copa_do_brasil;1990;Taguatinga
copa_do_brasil;1990;Treze
copa_do_brasil;1990;União Bandeirante
copa_do_brasil;1990;Vila Nova
copa_do_brasil;1990;Vitória
copa_do_brasil;1991;ABC
copa_do_brasil;1991;Atlético Mineiro
copa_do_brasil;1991;Atlético Paranaense
copa_do_brasil;1991;Auto Esporte
copa_do_brasil;1991;Botafogo
copa_do_brasil;1991;Caiçara
copa_do_brasil;1991;Caxias
copa_do_brasil;1991;Colatina
copa_do_brasil;1991;Confiança
copa_do_brasil;1991;Corinthians
copa_do_brasil;1991;Coritiba
copa_do_brasil;1991;Criciúma
copa_do_brasil;1991;Cruzeiro
copa_do_brasil;1991;CSA
copa_do_brasil;1991;Fluminense de Feira
copa_do_brasil;1991;Gama
copa_do_brasil;1991;Goiânia
copa_do_brasil;1991;Grêmio
copa_do_brasil;1991;Paysandu
copa_do_brasil;1991;Remo
copa_do_brasil;1991;Rio Branco
copa_do_brasil;1991;Rio Negro-AM
copa_do_brasil;1991;Sampaio Corrêa
copa_do_brasil;1991;Santa Cruz
copa_do_brasil;1991;Sport
copa_do_brasil;1991;Ubiratan
copa_do_brasil;1991;União Rondonópolis
copa_do_brasil;1991;Vasco da Gama
copa_do_brasil;1991;Vitória
copa_do_brasil;1991;XV de Piracicaba
copa_do_brasil;1992;América de Natal
copa_do_brasil;1992;Atlético Acreano
copa_do_brasil;1992;Atlético Mineiro
copa_do_brasil;1992;Atlético Paranaense
copa_do_brasil;1992;Campinense
copa_do_brasil;1992;Corinthians
copa_do_brasil;1992;Criciúma
copa_do_brasil;1992;CSA
copa_do_brasil;1992;Democrata GV
copa_do_brasil;1992;Fluminense
copa_do_brasil;1992;Fortaleza
copa_do_brasil;1992;Grêmio
copa_do_brasil;1992;Internacional
copa_do_brasil;1992;Internacional 50 Muniz Freire
copa_do_brasil;1992;Ji-Paraná
copa_do_brasil;1992;Juventude-MT
copa_do_brasil;1992;Juventude-MT 05 Criciúma
copa_do_brasil;1992;Muniz Freire
copa_do_brasil;1992;Nacional-AM
copa_do_brasil;1992;Náutico
copa_do_brasil;1992;Operário-MS
copa_do_brasil;1992;Palmeiras
copa_do_brasil;1992;Picos
copa_do_brasil;1992;Remo
copa_do_brasil;1992;Sampaio Corrêa
copa_do_brasil;1992;Sport
copa_do_brasil;1992;Taguatinga
copa_do_brasil;1992;Tuna Luso
copa_do_brasil;1992;Vasco da Gama
copa_do_brasil;1992;Vasco da Gama 50 Nacional-AM
copa_do_brasil;1993;América de Natal
copa_do_brasil;1993;América Mineiro
copa_do_brasil;1993;Auto Esporte-PB
copa_do_brasil;1993;Brusque
copa_do_brasil;1993;CRB
copa_do_brasil;1993;Cruzeiro
copa_do_brasil;1993;Desportiva Ferroviária
copa_do_brasil;1993;Flamengo
copa_do_brasil;1993;Goiatuba
copa_do_brasil;1993;Grêmio
copa_do_brasil;1993;Internacional
copa_do_brasil;1993;Ji-Paraná
copa_do_brasil;1993;Londrina
copa_do_brasil;1993;Náutico
copa_do_brasil;1993;Operário-MS
copa_do_brasil;1993;Palmeiras
copa_do_brasil;1993;Paysandu
copa_do_brasil;1993;Remo
copa_do_brasil;1993;Rio Branco
copa_do_brasil;1993;Sampaio Corrêa
copa_do_brasil;1993;Sorriso
copa_do_brasil;1993;Sport
copa_do_brasil;1993;Sul América
copa_do_brasil;1993;Taguatinga
copa_do_brasil;1993;Trem
copa_do_brasil;1993;União Bandeirante
copa_do_brasil;1993;Vasco da Gama
copa_do_brasil;1993;Vitória
copa_do_brasil;1994;ABC
copa_do_brasil;1994;América Mineiro
copa_do_brasil;1994;Ariquemes
copa_do_brasil;1994;Atlético Mineiro
copa_do_brasil;1994;Campinense
copa_do_brasil;1994;Comercial-MS
copa_do_brasil;1994;Corinthians
copa_do_brasil;1994;CRB
copa_do_brasil;1994;Criciúma
copa_do_brasil;1994;Fluminense
copa_do_brasil;1994;Grêmio
copa_do_brasil;1994;Independência
copa_do_brasil;1994;Internacional
copa_do_brasil;1994;Kaburé
copa_do_brasil;1994;Linhares EC
copa_do_brasil;1994;Nacional-AM
copa_do_brasil;1994;Palmeiras
copa_do_brasil;1994;Paysandu
copa_do_brasil;1994;Remo
copa_do_brasil;1994;Santa Cruz
copa_do_brasil;1994;Sorriso
copa_do_brasil;1994;São José-AP
copa_do_brasil;1994;Taguatinga
copa_do_brasil;1994;Vasco da Gama
copa_do_brasil;1994;Vila Nova
copa_do_brasil;1994;Vitória
copa_do_brasil;1994;Vitória 4  0 Sorriso
copa_do_brasil;1995;ABC
copa_do_brasil;1995;Atlético Mineiro
copa_do_brasil;1995;Convidado pela CBF
copa_do_brasil;1995;Corinthians
copa_do_brasil;1995;Cristal
copa_do_brasil;1995;Cruzeiro
copa_do_brasil;1995;CSA
copa_do_brasil;1995;Democrata GV
copa_do_brasil;1995;Desportiva Ferroviária
copa_do_brasil;1995;Ferroviário
copa_do_brasil;1995;Figueirense
copa_do_brasil;1995;Flamengo
copa_do_brasil;1995;Flamengo 80 Kaburé
copa_do_brasil;1995;Flamengo-PI
copa_do_brasil;1995;Gama
copa_do_brasil;1995;Grêmio
copa_do_brasil;1995;Internacional
copa_do_brasil;1995;Juventude
copa_do_brasil;1995;Kaburé
copa_do_brasil;1995;Nacional-AM
copa_do_brasil;1995;Náutico
copa_do_brasil;1995;Operário VG
copa_do_brasil;1995;Palmares
copa_do_brasil;1995;Palmeiras
copa_do_brasil;1995;Pontaporanense
copa_do_brasil;1995;Remo
copa_do_brasil;1995;Rio Branco
copa_do_brasil;1995;Sousa
copa_do_brasil;1995;Sport
copa_do_brasil;1995;Vasco da Gama
copa_do_brasil;1995;Vitória
copa_do_brasil;1995;Volta Redonda
copa_do_brasil;1996;ABC
copa_do_brasil;1996;América-MG
copa_do_brasil;1996;Atlético Mineiro
copa_do_brasil;1996;Atlético Paranaense
copa_do_brasil;1996;Atlético Roraima
copa_do_brasil;1996;Botafogo
copa_do_brasil;1996;Botafogo-PB
copa_do_brasil;1996;Cori-Sabbá
copa_do_brasil;1996;Corinthians
copa_do_brasil;1996;Coritiba
copa_do_brasil;1996;CRB
copa_do_brasil;1996;Criciúma
copa_do_brasil;1996;Cristal
copa_do_brasil;1996;Cruzeiro
copa_do_brasil;1996;Ferroviário
copa_do_brasil;1996;Flamengo
copa_do_brasil;1996;Flamengo-PI
copa_do_brasil;1996;Fluminense
copa_do_brasil;1996;Gama
copa_do_brasil;1996;Grêmio
copa_do_brasil;1996;Internacional
copa_do_brasil;1996;Ji-Paraná
copa_do_brasil;1996;Juventus-AC
copa_do_brasil;1996;Kaburé
copa_do_brasil;1996;Linhares EC
copa_do_brasil;1996;Nacional-AM
copa_do_brasil;1996;Operário-MS
copa_do_brasil;1996;Operário-MT
copa_do_brasil;1996;Palmeiras
copa_do_brasil;1996;Paraná Clube
copa_do_brasil;1996;Remo
copa_do_brasil;1996;Santa Cruz
copa_do_brasil;1996;Santa Cruz-PB
copa_do_brasil;1996;Santos
copa_do_brasil;1996;Sergipe 08 Palmeiras
copa_do_brasil;1996;Vasco da Gama
copa_do_brasil;1996;Vila Nova
copa_do_brasil;1996;Vitória
copa_do_brasil;1997;América-MG
copa_do_brasil;1997;América-RN
copa_do_brasil;1997;Atlético-MG
copa_do_brasil;1997;Bacabal
copa_do_brasil;1997;Baré
copa_do_brasil;1997;Botafogo
copa_do_brasil;1997;Cori-Sabbá
copa_do_brasil;1997;Corinthians
copa_do_brasil;1997;Cruzeiro
copa_do_brasil;1997;CSA
copa_do_brasil;1997;Desportiva Ferroviária
copa_do_brasil;1997;Figueirense
copa_do_brasil;1997;Flamengo
copa_do_brasil;1997;Fluminense
copa_do_brasil;1997;Fortaleza
copa_do_brasil;1997;Grêmio
copa_do_brasil;1997;Guará
copa_do_brasil;1997;Internacional
copa_do_brasil;1997;Ji-Paraná
copa_do_brasil;1997;Juventude
copa_do_brasil;1997;Kaburé
copa_do_brasil;1997;Mixto
copa_do_brasil;1997;Nacional-AM
copa_do_brasil;1997;Operário-MS
copa_do_brasil;1997;Palmeiras
copa_do_brasil;1997;Paraná Clube
copa_do_brasil;1997;Paysandu
copa_do_brasil;1997;Portuguesa
copa_do_brasil;1997;Portuguesa 80 Kaburé
copa_do_brasil;1997;Remo
copa_do_brasil;1997;Rio Branco-AC
copa_do_brasil;1997;Santa Cruz
copa_do_brasil;1997;Santa Cruz-PB
copa_do_brasil;1997;Santos
copa_do_brasil;1997;Vasco da Gama
copa_do_brasil;1997;Vila Nova-GO
copa_do_brasil;1997;Vitória
copa_do_brasil;1997;Ypiranga-AP
copa_do_brasil;1998;ABC
copa_do_brasil;1998;Alvorada
copa_do_brasil;1998;América de Natal
copa_do_brasil;1998;América Mineiro
copa_do_brasil;1998;Atlético Mineiro
copa_do_brasil;1998;Avaí
copa_do_brasil;1998;Bangu
copa_do_brasil;1998;Baré
copa_do_brasil;1998;Botafogo
copa_do_brasil;1998;Botafogo-PB
copa_do_brasil;1998;Commercial-MS
copa_do_brasil;1998;Cori-Sabbá
copa_do_brasil;1998;Coritiba
copa_do_brasil;1998;Cruzeiro
copa_do_brasil;1998;CSA
copa_do_brasil;1998;Flamengo
copa_do_brasil;1998;Fluminense
copa_do_brasil;1998;Gama
copa_do_brasil;1998;Grêmio
copa_do_brasil;1998;Internacional
copa_do_brasil;1998;Itabaiana
copa_do_brasil;1998;Ji-Paraná
copa_do_brasil;1998;Linhares EC
copa_do_brasil;1998;Operário-MT
copa_do_brasil;1998;Palmeiras
copa_do_brasil;1998;Picos
copa_do_brasil;1998;Remo
copa_do_brasil;1998;Rio Branco-AC
copa_do_brasil;1998;Sampaio Corrêa
copa_do_brasil;1998;Santos
copa_do_brasil;1998;Sport
copa_do_brasil;1998;São Raimundo-AM
copa_do_brasil;1998;Vasco da Gama
copa_do_brasil;1998;Vasco da Gama 8  0 Picos
copa_do_brasil;1998;Vila Nova
copa_do_brasil;1998;Villa Nova
copa_do_brasil;1998;Vitória
copa_do_brasil;1999;ABC
copa_do_brasil;1999;Alvorada
copa_do_brasil;1999;América de Natal
copa_do_brasil;1999;América Mineiro
copa_do_brasil;1999;Athletico Paranaense
copa_do_brasil;1999;Atlético Goianiense
copa_do_brasil;1999;Atlético Mineiro
copa_do_brasil;1999;Atlético Roraima
copa_do_brasil;1999;Avaí
copa_do_brasil;1999;Botafogo
copa_do_brasil;1999;Botafogo-PB
copa_do_brasil;1999;Caxias
copa_do_brasil;1999;Comercial
copa_do_brasil;1999;Corinthians
copa_do_brasil;1999;Coritiba
copa_do_brasil;1999;CRB
copa_do_brasil;1999;Criciúma
copa_do_brasil;1999;Cruzeiro
copa_do_brasil;1999;CSA
copa_do_brasil;1999;Diamantino
copa_do_brasil;1999;Ferroviário
copa_do_brasil;1999;Figueirense
copa_do_brasil;1999;Flamengo
copa_do_brasil;1999;Flamengo-PI
copa_do_brasil;1999;Fluminense
copa_do_brasil;1999;Gama
copa_do_brasil;1999;Grêmio
copa_do_brasil;1999;Guarani
copa_do_brasil;1999;Guará
copa_do_brasil;1999;Independência
copa_do_brasil;1999;Internacional
copa_do_brasil;1999;Ji-Paraná
copa_do_brasil;1999;Juventude
copa_do_brasil;1999;Juventude 6  0 Fluminense
copa_do_brasil;1999;Lagartense
copa_do_brasil;1999;Linhares
copa_do_brasil;1999;Moto Club
copa_do_brasil;1999;Palmeiras
copa_do_brasil;1999;Paraná Clube
copa_do_brasil;1999;Paysandu
copa_do_brasil;1999;Picos
copa_do_brasil;1999;Ponte Preta
copa_do_brasil;1999;Porto
copa_do_brasil;1999;Portuguesa
copa_do_brasil;1999;Remo
copa_do_brasil;1999;Rio Branco
copa_do_brasil;1999;Sampaio Corrêa
copa_do_brasil;1999;Santa Cruz
copa_do_brasil;1999;Santos
copa_do_brasil;1999;Santos 6  0 Sinop
copa_do_brasil;1999;Sinop
copa_do_brasil;1999;Sport Recife
copa_do_brasil;1999;São Raimundo
copa_do_brasil;1999;Treze
copa_do_brasil;1999;Ubiratan
copa_do_brasil;1999;Vasco da Gama
copa_do_brasil;1999;Vila Nova
copa_do_brasil;1999;Villa Nova
copa_do_brasil;1999;Vitória
copa_do_brasil;1999;Volta Redonda
copa_do_brasil;1999;Ypiranga
copa_do_brasil;2000;América-MG
copa_do_brasil;2000;Atlético-MG
copa_do_brasil;2000;Atlético-PR
copa_do_brasil;2000;Botafogo-PB
copa_do_brasil;2000;Comercial-MS
copa_do_brasil;2000;Coritiba
copa_do_brasil;2000;CRB
copa_do_brasil;2000;Cruzeiro
copa_do_brasil;2000;CSA
copa_do_brasil;2000;Dom Pedro II
copa_do_brasil;2000;Fortaleza
copa_do_brasil;2000;Gama
copa_do_brasil;2000;Independência
copa_do_brasil;2000;Interporto 0  8 Bahia
copa_do_brasil;2000;Nacional-AM
copa_do_brasil;2000;Paysandu
copa_do_brasil;2000;Poções
copa_do_brasil;2000;Remo
copa_do_brasil;2000;Sampaio Corrêa
copa_do_brasil;2000;Santos-AP
copa_do_brasil;2000;Serra
copa_do_brasil;2000;Sinop
copa_do_brasil;2000;Treze
copa_do_brasil;2000;Ubiratan
copa_do_brasil;2000;URT
copa_do_brasil;2000;Vasco-AC
copa_do_brasil;2000;Vila Nova
copa_do_brasil;2000;Vitória
copa_do_brasil;2001;ABC
copa_do_brasil;2001;Americano
copa_do_brasil;2001;América de Natal
copa_do_brasil;2001;América Mineiro
copa_do_brasil;2001;Anapolina
copa_do_brasil;2001;ASA
copa_do_brasil;2001;Athletico Paranaense
copa_do_brasil;2001;Atlético Mineiro
copa_do_brasil;2001;Botafogo
copa_do_brasil;2001;Botafogo-PB
copa_do_brasil;2001;Cachoeiro
copa_do_brasil;2001;Castanhal
copa_do_brasil;2001;Caxias
copa_do_brasil;2001;Comercial-MS
copa_do_brasil;2001;Corinthians
copa_do_brasil;2001;Coritiba
copa_do_brasil;2001;CSA
copa_do_brasil;2001;Desportiva Ferroviária
copa_do_brasil;2001;Figueirense
copa_do_brasil;2001;Flamengo
copa_do_brasil;2001;Flamengo-PI
copa_do_brasil;2001;Fluminense
copa_do_brasil;2001;Fortaleza
copa_do_brasil;2001;Gama
copa_do_brasil;2001;Goiânia
copa_do_brasil;2001;Grêmio
copa_do_brasil;2001;Guajará
copa_do_brasil;2001;Guarani
copa_do_brasil;2001;Joinville
copa_do_brasil;2001;Juventude
copa_do_brasil;2001;Juventude-MT
copa_do_brasil;2001;Lagartense
copa_do_brasil;2001;Malutrom
copa_do_brasil;2001;Mixto
copa_do_brasil;2001;Moto Club
copa_do_brasil;2001;Nacional-AM
copa_do_brasil;2001;Náutico
copa_do_brasil;2001;Operário-MS
copa_do_brasil;2001;Palmas
copa_do_brasil;2001;Paysandu
copa_do_brasil;2001;Ponte Preta
copa_do_brasil;2001;Remo
copa_do_brasil;2001;Rio Branco-AC
copa_do_brasil;2001;Rio Negro-RR
copa_do_brasil;2001;River-PI
copa_do_brasil;2001;Sampaio Corrêa
copa_do_brasil;2001;Santa Cruz
copa_do_brasil;2001;Santos
copa_do_brasil;2001;Santos-AP
copa_do_brasil;2001;Sport
copa_do_brasil;2001;São Paulo 10  0 Botafogo-PB
copa_do_brasil;2001;São Raimundo-AM
copa_do_brasil;2001;Treze
copa_do_brasil;2001;URT
copa_do_brasil;2001;Vila Nova
copa_do_brasil;2001;Villa Nova-MG
copa_do_brasil;2001;Vitória
copa_do_brasil;2002;Alegrense
copa_do_brasil;2002;Americano
copa_do_brasil;2002;América-MG
copa_do_brasil;2002;América-RN
copa_do_brasil;2002;Anapolina
copa_do_brasil;2002;ASA
copa_do_brasil;2002;Atlético-MG
copa_do_brasil;2002;Atlético-RR
copa_do_brasil;2002;Bandeirante-DF
copa_do_brasil;2002;Botafogo
copa_do_brasil;2002;Botafogo-PB
copa_do_brasil;2002;Botafogo-SP
copa_do_brasil;2002;Bragantino
copa_do_brasil;2002;Brasiliense
copa_do_brasil;2002;Caxias
copa_do_brasil;2002;CENE
copa_do_brasil;2002;Comercial-MS
copa_do_brasil;2002;Confiança
copa_do_brasil;2002;Corinthians
copa_do_brasil;2002;Corinthians-RN
copa_do_brasil;2002;Coritiba
copa_do_brasil;2002;Criciúma
copa_do_brasil;2002;Cruzeiro
copa_do_brasil;2002;CSA
copa_do_brasil;2002;Figueirense
copa_do_brasil;2002;Flamengo-PI
copa_do_brasil;2002;Fluminense
copa_do_brasil;2002;Fortaleza
copa_do_brasil;2002;Gama
copa_do_brasil;2002;Guarani
copa_do_brasil;2002;Independente-AP
copa_do_brasil;2002;Internacional
copa_do_brasil;2002;Ji-Paraná
copa_do_brasil;2002;Joinville
copa_do_brasil;2002;Juazeiro
copa_do_brasil;2002;Juventude
copa_do_brasil;2002;Juventude-MT
copa_do_brasil;2002;Londrina
copa_do_brasil;2002;Moto Club
copa_do_brasil;2002;Nacional-AM
copa_do_brasil;2002;Náutico
copa_do_brasil;2002;Palmas
copa_do_brasil;2002;Palmeiras
copa_do_brasil;2002;Paysandu
copa_do_brasil;2002;Ponte Preta
copa_do_brasil;2002;Rio Negro-AC
copa_do_brasil;2002;River
copa_do_brasil;2002;Sampaio Corrêa
copa_do_brasil;2002;Santa Cruz
copa_do_brasil;2002;Sport
copa_do_brasil;2002;São Raimundo-AM
copa_do_brasil;2002;Treze
copa_do_brasil;2002;Vasco
copa_do_brasil;2002;Vasco-AC
copa_do_brasil;2002;Vila Nova
copa_do_brasil;2002;Vitória
copa_do_brasil;2002;Vitória 6  0 CENE
copa_do_brasil;2003;Alegrense
copa_do_brasil;2003;Americano
copa_do_brasil;2003;América de Natal
copa_do_brasil;2003;Anapolina
copa_do_brasil;2003;Atlético Cajazeirense
copa_do_brasil;2003;Atlético Mineiro
copa_do_brasil;2003;Atlético Paranaense
copa_do_brasil;2003;Atlético Roraima
copa_do_brasil;2003;Bangu
copa_do_brasil;2003;Botafogo
copa_do_brasil;2003;Botafogo-PB
copa_do_brasil;2003;Caldense
copa_do_brasil;2003;CENE
copa_do_brasil;2003;CFA Rondônia
copa_do_brasil;2003;CFZ de Brasília
copa_do_brasil;2003;Comercial
copa_do_brasil;2003;Confiança
copa_do_brasil;2003;Corinthians-AL
copa_do_brasil;2003;Coritiba
copa_do_brasil;2003;Coríntians de Caicó
copa_do_brasil;2003;CRB
copa_do_brasil;2003;Criciúma
copa_do_brasil;2003;Cruzeiro
copa_do_brasil;2003;Cruzeiro 7  0 Coríntians (RN
copa_do_brasil;2003;Dom Bosco
copa_do_brasil;2003;Figueirense
copa_do_brasil;2003;Flamengo
copa_do_brasil;2003;Flamengo-PI
copa_do_brasil;2003;Fluminense
copa_do_brasil;2003;Fortaleza
copa_do_brasil;2003;Gama
copa_do_brasil;2003;Guarani
copa_do_brasil;2003;Guarani-VA
copa_do_brasil;2003;Internacional
copa_do_brasil;2003;Ipatinga
copa_do_brasil;2003;Iraty
copa_do_brasil;2003;Itabaiana
copa_do_brasil;2003;Ituano
copa_do_brasil;2003;Juventude
copa_do_brasil;2003;Moto Club
copa_do_brasil;2003;Nacional-AM
copa_do_brasil;2003;Náutico
copa_do_brasil;2003;Operário-MT
copa_do_brasil;2003;Palmeiras
copa_do_brasil;2003;Pelotas
copa_do_brasil;2003;Remo
copa_do_brasil;2003;Rio Branco
copa_do_brasil;2003;Rio Branco-ES
copa_do_brasil;2003;River
copa_do_brasil;2003;Sampaio Corrêa
copa_do_brasil;2003;Santa Cruz
copa_do_brasil;2003;Sport
copa_do_brasil;2003;São Caetano
copa_do_brasil;2003;São Raimundo-AM
copa_do_brasil;2003;Tocantinópolis
copa_do_brasil;2003;Tuna Luso
copa_do_brasil;2003;Vasco da Gama
copa_do_brasil;2003;Vila Nova
copa_do_brasil;2003;Vitória
copa_do_brasil;2003;Ypiranga
copa_do_brasil;2004;Americano
copa_do_brasil;2004;América
copa_do_brasil;2004;América de Natal
copa_do_brasil;2004;ASA
copa_do_brasil;2004;Atlético Cajazeirense
copa_do_brasil;2004;Atlético Mineiro
copa_do_brasil;2004;Atlético Roraima
copa_do_brasil;2004;Bangu
copa_do_brasil;2004;Barra do Garças
copa_do_brasil;2004;Botafogo
copa_do_brasil;2004;Botafogo-PB
copa_do_brasil;2004;Brasiliense
copa_do_brasil;2004;Caldense
copa_do_brasil;2004;CENE
copa_do_brasil;2004;Confiança
copa_do_brasil;2004;Corinthians
copa_do_brasil;2004;CRB
copa_do_brasil;2004;Criciúma
copa_do_brasil;2004;Cruzeiro
copa_do_brasil;2004;CTE Colatina
copa_do_brasil;2004;Cuiabá
copa_do_brasil;2004;Ferroviário
copa_do_brasil;2004;Figueirense
copa_do_brasil;2004;Flamengo
copa_do_brasil;2004;Flamengo-PI
copa_do_brasil;2004;Fluminense
copa_do_brasil;2004;Fortaleza
copa_do_brasil;2004;Gama
copa_do_brasil;2004;Grêmio
copa_do_brasil;2004;Guarani
copa_do_brasil;2004;Internacional
copa_do_brasil;2004;Juventude
copa_do_brasil;2004;Londrina
copa_do_brasil;2004;Nacional-AM
copa_do_brasil;2004;Novo Horizonte
copa_do_brasil;2004;Náutico
copa_do_brasil;2004;Palmas
copa_do_brasil;2004;Palmeiras
copa_do_brasil;2004;Paranavaí
copa_do_brasil;2004;Paraná 72 River-PI
copa_do_brasil;2004;Parnahyba
copa_do_brasil;2004;Portuguesa Santista
copa_do_brasil;2004;Prudentópolis
copa_do_brasil;2004;Remo
copa_do_brasil;2004;Rio Branco-AC
copa_do_brasil;2004;Rio Negro
copa_do_brasil;2004;Sampaio Corrêa
copa_do_brasil;2004;Santa Cruz
copa_do_brasil;2004;Santo André
copa_do_brasil;2004;Santos-AP 05 Batatais
copa_do_brasil;2004;SERC Chapadão
copa_do_brasil;2004;Serra
copa_do_brasil;2004;Sport
copa_do_brasil;2004;São Gonçalo
copa_do_brasil;2004;Tuna Luso
copa_do_brasil;2004;União Barbarense
copa_do_brasil;2004;União Cacoalense
copa_do_brasil;2004;Vasco da Gama
copa_do_brasil;2004;Vila Nova
copa_do_brasil;2004;Vitória
copa_do_brasil;2004;Ypiranga-AP
copa_do_brasil;2005;Americano
copa_do_brasil;2005;América Mineiro
copa_do_brasil;2005;América-RJ
copa_do_brasil;2005;Atlético Mineiro
copa_do_brasil;2005;Baraúnas
copa_do_brasil;2005;Botafogo
copa_do_brasil;2005;Brasiliense
copa_do_brasil;2005;Caldense
copa_do_brasil;2005;Campinense
copa_do_brasil;2005;CENE
copa_do_brasil;2005;CFZ
copa_do_brasil;2005;Chapadão do Sul
copa_do_brasil;2005;Cianorte
copa_do_brasil;2005;Confiança
copa_do_brasil;2005;Corinthians
copa_do_brasil;2005;Corinthians-AL
copa_do_brasil;2005;Coritiba
copa_do_brasil;2005;Coruripe
copa_do_brasil;2005;CRAC
copa_do_brasil;2005;Cruzeiro
copa_do_brasil;2005;Cruzeiro 7  0 Sergipe
copa_do_brasil;2005;Cuiabá
copa_do_brasil;2005;Esportivo
copa_do_brasil;2005;Estrela do Norte
copa_do_brasil;2005;Figueirense
copa_do_brasil;2005;Flamengo
copa_do_brasil;2005;Fluminense
copa_do_brasil;2005;Fortaleza
copa_do_brasil;2005;Friburguense
copa_do_brasil;2005;Grêmio
copa_do_brasil;2005;Grêmio Coariense
copa_do_brasil;2005;Guarani
copa_do_brasil;2005;Hermann Aichinger
copa_do_brasil;2005;Internacional
copa_do_brasil;2005;Ipatinga
copa_do_brasil;2005;Ituano
copa_do_brasil;2005;Juventude
copa_do_brasil;2005;Londrina
copa_do_brasil;2005;Moto Club
copa_do_brasil;2005;Náutico
copa_do_brasil;2005;Palmas
copa_do_brasil;2005;Paulista
copa_do_brasil;2005;Paysandu
copa_do_brasil;2005;Potiguar
copa_do_brasil;2005;Remo
copa_do_brasil;2005;Rio Branco
copa_do_brasil;2005;River-PI
copa_do_brasil;2005;Sampaio Corrêa
copa_do_brasil;2005;Santa Cruz
copa_do_brasil;2005;Serra
copa_do_brasil;2005;São Caetano
copa_do_brasil;2005;São Raimundo
copa_do_brasil;2005;Treze
copa_do_brasil;2005;Ulbra
copa_do_brasil;2005;União Cacoalense
copa_do_brasil;2005;União Rondonópolis
copa_do_brasil;2005;Vasco da Gama
copa_do_brasil;2005;Vila Nova
copa_do_brasil;2005;Vitória
copa_do_brasil;2005;Ypiranga-AP
copa_do_brasil;2006;ABC
copa_do_brasil;2006;Americano
copa_do_brasil;2006;América Mineiro
copa_do_brasil;2006;ASA
copa_do_brasil;2006;Atlético de Ibirama
copa_do_brasil;2006;Atlético Mineiro
copa_do_brasil;2006;Atlético Paranaense
copa_do_brasil;2006;Botafogo
copa_do_brasil;2006;Botafogo-PB
copa_do_brasil;2006;Brasiliense
copa_do_brasil;2006;Cabofriense
copa_do_brasil;2006;Ceilândia
copa_do_brasil;2006;CENE
copa_do_brasil;2006;Colinas
copa_do_brasil;2006;Copa BIG/Brasil Telecom
copa_do_brasil;2006;Copa Emídio Perondi
copa_do_brasil;2006;Copa ES
copa_do_brasil;2006;Copa Paulista
copa_do_brasil;2006;Coritiba
copa_do_brasil;2006;CRB
copa_do_brasil;2006;Criciúma
copa_do_brasil;2006;Cruzeiro
copa_do_brasil;2006;Estrela do Norte
copa_do_brasil;2006;Flamengo
copa_do_brasil;2006;Fluminense
copa_do_brasil;2006;Fortaleza
copa_do_brasil;2006;Grêmio
copa_do_brasil;2006;Grêmio Coariense
copa_do_brasil;2006;Guarani
copa_do_brasil;2006;Icasa
copa_do_brasil;2006;Imperatriz
copa_do_brasil;2006;Ipatinga
copa_do_brasil;2006;Iraty
copa_do_brasil;2006;Itabaiana
copa_do_brasil;2006;Londrina
copa_do_brasil;2006;Mineiros
copa_do_brasil;2006;Moto Club
copa_do_brasil;2006;Nacional-AM
copa_do_brasil;2006;Noroeste
copa_do_brasil;2006;Novo Hamburgo
copa_do_brasil;2006;Náutico
copa_do_brasil;2006;Operário FC
copa_do_brasil;2006;Operário-MS
copa_do_brasil;2006;Parnahyba
copa_do_brasil;2006;Paysandu
copa_do_brasil;2006;Pos
copa_do_brasil;2006;Potiguar de Mossoró
copa_do_brasil;2006;Remo
copa_do_brasil;2006;Rio Branco-AC
copa_do_brasil;2006;Santa Cruz
copa_do_brasil;2006;Santo André
copa_do_brasil;2006;Santos
copa_do_brasil;2006;Serra
copa_do_brasil;2006;São Caetano
copa_do_brasil;2006;São José-AP
copa_do_brasil;2006;São Raimundo-RR
copa_do_brasil;2006;Taça Minas Gerais
copa_do_brasil;2006;Treze
copa_do_brasil;2006;Ulbra
copa_do_brasil;2006;URT
copa_do_brasil;2006;Vasco da Gama
copa_do_brasil;2006;Vasco da Gama 70 Botafogo-PB
copa_do_brasil;2006;Vila Aurora
copa_do_brasil;2006;Vila Nova
copa_do_brasil;2006;Vilhena
copa_do_brasil;2006;Vitória
copa_do_brasil;2006;Volta Redonda
copa_do_brasil;2007;ADAP Galo Maringá
copa_do_brasil;2007;ADESG
copa_do_brasil;2007;America
copa_do_brasil;2007;América de Natal
copa_do_brasil;2007;Ananindeua
copa_do_brasil;2007;Araguaína
copa_do_brasil;2007;Atlético Goianiense
copa_do_brasil;2007;Atlético Mineiro
copa_do_brasil;2007;Atlético Paranaense
copa_do_brasil;2007;Avaí
copa_do_brasil;2007;Baraúnas
copa_do_brasil;2007;Barra do Garças
copa_do_brasil;2007;Barras
copa_do_brasil;2007;Baré
copa_do_brasil;2007;Botafogo
copa_do_brasil;2007;Brasiliense
copa_do_brasil;2007;Campinense
copa_do_brasil;2007;Caxias
copa_do_brasil;2007;Chapadão
copa_do_brasil;2007;Colo Colo
copa_do_brasil;2007;Corinthians
copa_do_brasil;2007;Coritiba
copa_do_brasil;2007;Coruripe
copa_do_brasil;2007;Coxim
copa_do_brasil;2007;Cruzeiro
copa_do_brasil;2007;CSA
copa_do_brasil;2007;Fast Clube
copa_do_brasil;2007;Ferroviária
copa_do_brasil;2007;Figueirense
copa_do_brasil;2007;Fluminense
copa_do_brasil;2007;Fluminense 60 ADESG
copa_do_brasil;2007;Fortaleza
copa_do_brasil;2007;Gama
copa_do_brasil;2007;Guarani
copa_do_brasil;2007;Ipatinga
copa_do_brasil;2007;Itabaiana
copa_do_brasil;2007;Juventude
copa_do_brasil;2007;Madureira
copa_do_brasil;2007;Moto Club
copa_do_brasil;2007;Noroeste
copa_do_brasil;2007;Náutico
copa_do_brasil;2007;Náutico 60 Parnahyba
copa_do_brasil;2007;Operário VG
copa_do_brasil;2007;Palmeiras
copa_do_brasil;2007;Parnahyba
copa_do_brasil;2007;Paysandu
copa_do_brasil;2007;Pirambu
copa_do_brasil;2007;Ponte Preta
copa_do_brasil;2007;Portuguesa
copa_do_brasil;2007;Rio Branco-PR
copa_do_brasil;2007;Sampaio Corrêa
copa_do_brasil;2007;Santa Cruz
copa_do_brasil;2007;Sport
copa_do_brasil;2007;São José
copa_do_brasil;2007;São Raimundo-AM
copa_do_brasil;2007;Treze
copa_do_brasil;2007;Ulbra
copa_do_brasil;2007;Vasco da Gama
copa_do_brasil;2007;Vasco da Gama 60 Fast Clube
copa_do_brasil;2007;Veranópolis
copa_do_brasil;2007;Vilavelhense
copa_do_brasil;2007;Villa Nova
copa_do_brasil;2007;Vitória
copa_do_brasil;2008;ABC
copa_do_brasil;2008;América de Propriá
copa_do_brasil;2008;Atlético Goianiense
copa_do_brasil;2008;Atlético Mineiro
copa_do_brasil;2008;Atlético Paranaense
copa_do_brasil;2008;Atlético Roraima
copa_do_brasil;2008;Baraúnas
copa_do_brasil;2008;Barras
copa_do_brasil;2008;Botafogo
copa_do_brasil;2008;Bragantino
copa_do_brasil;2008;Brasiliense
copa_do_brasil;2008;Cacerense
copa_do_brasil;2008;CENE
copa_do_brasil;2008;Central
copa_do_brasil;2008;Chapecoense
copa_do_brasil;2008;Corinthians
copa_do_brasil;2008;Corinthians-AL
copa_do_brasil;2008;Coritiba
copa_do_brasil;2008;Coruripe
copa_do_brasil;2008;Criciúma
copa_do_brasil;2008;Democrata GV
copa_do_brasil;2008;Esportivo Guará
copa_do_brasil;2008;Fast Clube
copa_do_brasil;2008;Fortaleza
copa_do_brasil;2008;Grêmio
copa_do_brasil;2008;Grêmio Jaciara
copa_do_brasil;2008;Guarani
copa_do_brasil;2008;Icasa
copa_do_brasil;2008;Imperatriz
copa_do_brasil;2008;Internacional
copa_do_brasil;2008;Itabaiana
copa_do_brasil;2008;Ituiutaba
copa_do_brasil;2008;Jaguaré
copa_do_brasil;2008;Juventude
copa_do_brasil;2008;Juventus-SP
copa_do_brasil;2008;Linhares
copa_do_brasil;2008;Madureira
copa_do_brasil;2008;Minas Gerais¹
copa_do_brasil;2008;Nacional de Patos
copa_do_brasil;2008;Nacional-AM
copa_do_brasil;2008;Náutico
copa_do_brasil;2008;Palmas
copa_do_brasil;2008;Palmas 07 Atlético Mineiro
copa_do_brasil;2008;Palmeiras
copa_do_brasil;2008;Paranavaí
copa_do_brasil;2008;Paraíba²
copa_do_brasil;2008;Portuguesa
copa_do_brasil;2008;Remo
copa_do_brasil;2008;Rio Branco-AC
copa_do_brasil;2008;Rio de Janeiro³
copa_do_brasil;2008;River-PI
copa_do_brasil;2008;Roma Apucarana
copa_do_brasil;2008;Santa Cruz
copa_do_brasil;2008;Sousa
copa_do_brasil;2008;Sport
copa_do_brasil;2008;São Caetano
copa_do_brasil;2008;São Paulo4
copa_do_brasil;2008;Trem
copa_do_brasil;2008;Tuna Luso
copa_do_brasil;2008;Ulbra
copa_do_brasil;2008;Ulbra-RO
copa_do_brasil;2008;Vasco da Gama
copa_do_brasil;2008;Vitória
copa_do_brasil;2008;Volta Redonda
copa_do_brasil;2008;Águia Negra
copa_do_brasil;2009;ABC
copa_do_brasil;2009;América de Natal
copa_do_brasil;2009;ASA
copa_do_brasil;2009;Atlético Mineiro
copa_do_brasil;2009;Atlético Paranaense
copa_do_brasil;2009;Atlético Roraima
copa_do_brasil;2009;Atlético Sorocaba
copa_do_brasil;2009;Bahia 61 Potiguar de Mossoró
copa_do_brasil;2009;Barras
copa_do_brasil;2009;Botafogo
copa_do_brasil;2009;Brasiliense
copa_do_brasil;2009;Campinense
copa_do_brasil;2009;Caxias
copa_do_brasil;2009;Confiança
copa_do_brasil;2009;Corinthians
copa_do_brasil;2009;Coritiba
copa_do_brasil;2009;Criciúma
copa_do_brasil;2009;Cristal
copa_do_brasil;2009;CSA
copa_do_brasil;2009;Desportiva
copa_do_brasil;2009;Dom Pedro II
copa_do_brasil;2009;Fast Clube
copa_do_brasil;2009;Figueirense
copa_do_brasil;2009;Flamengo
copa_do_brasil;2009;Fluminense
copa_do_brasil;2009;Fortaleza
copa_do_brasil;2009;Guarani
copa_do_brasil;2009;Holanda
copa_do_brasil;2009;Icasa
copa_do_brasil;2009;Internacional
copa_do_brasil;2009;Internacional 50 Guarani
copa_do_brasil;2009;Itabaiana 05 Atlético Mineiro
copa_do_brasil;2009;Itumbiara
copa_do_brasil;2009;Ivinhema
copa_do_brasil;2009;J. Malucelli
copa_do_brasil;2009;Juventude
copa_do_brasil;2009;Misto
copa_do_brasil;2009;Mixto
copa_do_brasil;2009;Moto Club
copa_do_brasil;2009;Nacional de Patos
copa_do_brasil;2009;Náutico
copa_do_brasil;2009;Ponte Preta
copa_do_brasil;2009;Ponte Preta 61 Vilhena
copa_do_brasil;2009;Portuguesa
copa_do_brasil;2009;Potiguar de Mossoró
copa_do_brasil;2009;Remo
copa_do_brasil;2009;Rio Branco
copa_do_brasil;2009;Sampaio Corrêa
copa_do_brasil;2009;Santa Cruz
copa_do_brasil;2009;Santos
copa_do_brasil;2009;Serra
copa_do_brasil;2009;União Rondonópolis
copa_do_brasil;2009;Vasco
copa_do_brasil;2009;Vitória
copa_do_brasil;2009;Águia de Marabá
copa_do_brasil;2010;América
copa_do_brasil;2010;América de Natal
copa_do_brasil;2010;Araguaia
copa_do_brasil;2010;Araguaína
copa_do_brasil;2010;ASA
copa_do_brasil;2010;ASSU
copa_do_brasil;2010;Atlético Goianiense
copa_do_brasil;2010;Atlético Mineiro
copa_do_brasil;2010;Atlético Paranaense
copa_do_brasil;2010;Atlético Roraima
copa_do_brasil;2010;Avaí
copa_do_brasil;2010;Botafogo
copa_do_brasil;2010;Brasiliense
copa_do_brasil;2010;Brasília
copa_do_brasil;2010;Cerâmica
copa_do_brasil;2010;Chapecoense
copa_do_brasil;2010;Confiança
copa_do_brasil;2010;Corinthians Alagoano
copa_do_brasil;2010;Corinthians Paranaense
copa_do_brasil;2010;Coritiba
copa_do_brasil;2010;Flamengo
copa_do_brasil;2010;Fluminense
copa_do_brasil;2010;Fortaleza
copa_do_brasil;2010;Grêmio
copa_do_brasil;2010;Guarani
copa_do_brasil;2010;Ituiutaba
copa_do_brasil;2010;Ivinhema
copa_do_brasil;2010;Juventude
copa_do_brasil;2010;Juventus
copa_do_brasil;2010;JV Lideral
copa_do_brasil;2010;Londrina
copa_do_brasil;2010;Luverdense
copa_do_brasil;2010;Melhor jogador
copa_do_brasil;2010;Nacional
copa_do_brasil;2010;Naviraiense
copa_do_brasil;2010;Náutico
copa_do_brasil;2010;Palmeiras
copa_do_brasil;2010;Paysandu
copa_do_brasil;2010;Picos
copa_do_brasil;2010;Ponte Preta
copa_do_brasil;2010;Portuguesa
copa_do_brasil;2010;Pos
copa_do_brasil;2010;Potyguar Seridoense
copa_do_brasil;2010;Premiações
copa_do_brasil;2010;Público
copa_do_brasil;2010;Remo
copa_do_brasil;2010;Sampaio Corrêa
copa_do_brasil;2010;Santa Cruz
copa_do_brasil;2010;Santos
copa_do_brasil;2010;Santos 10  0 Naviraiense
copa_do_brasil;2010;Sousa
copa_do_brasil;2010;Sport
copa_do_brasil;2010;São Domingos
copa_do_brasil;2010;São José
copa_do_brasil;2010;São Mateus
copa_do_brasil;2010;São Raimundo
copa_do_brasil;2010;Tigres do Brasil
copa_do_brasil;2010;Treze
copa_do_brasil;2010;Uberaba
copa_do_brasil;2010;Vasco da Gama
copa_do_brasil;2010;Vila Belmiro, Santos
copa_do_brasil;2010;Vilhena
copa_do_brasil;2010;Vitória
copa_do_brasil;2010;Votoraty
copa_do_brasil;2010;Ypiranga de Erechim
copa_do_brasil;2011;ABC
copa_do_brasil;2011;América de Natal
copa_do_brasil;2011;ASA
copa_do_brasil;2011;Atlético Goianiense
copa_do_brasil;2011;Atlético Mineiro
copa_do_brasil;2011;Atlético Paranaense
copa_do_brasil;2011;Avaí
copa_do_brasil;2011;Bahia de Feira
copa_do_brasil;2011;Bangu
copa_do_brasil;2011;Barras
copa_do_brasil;2011;Baré
copa_do_brasil;2011;Boavista-RJ
copa_do_brasil;2011;Botafogo
copa_do_brasil;2011;Botafogo-PB
copa_do_brasil;2011;Brasiliense
copa_do_brasil;2011;Brusque
copa_do_brasil;2011;Caxias
copa_do_brasil;2011;Ceilândia
copa_do_brasil;2011;Chapecoense
copa_do_brasil;2011;Comercial-MS
copa_do_brasil;2011;Comercial-PI
copa_do_brasil;2011;Corintians de Caicó
copa_do_brasil;2011;Coritiba
copa_do_brasil;2011;Cuiabá
copa_do_brasil;2011;Fast Clube
copa_do_brasil;2011;Flamengo
copa_do_brasil;2011;Fluminense
copa_do_brasil;2011;Fortaleza
copa_do_brasil;2011;Grêmio Barueri
copa_do_brasil;2011;Grêmio Prudente
copa_do_brasil;2011;Gurupi
copa_do_brasil;2011;Horizonte
copa_do_brasil;2011;IAPE
copa_do_brasil;2011;Interporto
copa_do_brasil;2011;Ipatinga
copa_do_brasil;2011;Iraty
copa_do_brasil;2011;Joinville
copa_do_brasil;2011;Juazeiro
copa_do_brasil;2011;Murici
copa_do_brasil;2011;Nacional-AM
copa_do_brasil;2011;Naviraiense
copa_do_brasil;2011;Novo Hamburgo
copa_do_brasil;2011;Náutico
copa_do_brasil;2011;Náutico-RR
copa_do_brasil;2011;Palmeiras
copa_do_brasil;2011;Paragominas
copa_do_brasil;2011;Paulista
copa_do_brasil;2011;Paysandu
copa_do_brasil;2011;Penarol
copa_do_brasil;2011;Plácido de Castro
copa_do_brasil;2011;Remo
copa_do_brasil;2011;Resende
copa_do_brasil;2011;Rio Branco-AC
copa_do_brasil;2011;Rio Branco-ES
copa_do_brasil;2011;River Plate-SE
copa_do_brasil;2011;Sampaio Corrêa
copa_do_brasil;2011;Santa Cruz
copa_do_brasil;2011;Santa Helena
copa_do_brasil;2011;Santo André
copa_do_brasil;2011;Sport
copa_do_brasil;2011;São Domingos
copa_do_brasil;2011;São José-RS
copa_do_brasil;2011;Tombense
copa_do_brasil;2011;Trem
copa_do_brasil;2011;Treze
copa_do_brasil;2011;Uberaba
copa_do_brasil;2011;União Rondonópolis
copa_do_brasil;2011;Vilhena
copa_do_brasil;2011;Vitória
copa_do_brasil;2011;Vitória-ES
copa_do_brasil;2011;Ypiranga de Erechim
copa_do_brasil;2011;Águia de Marabá
copa_do_brasil;2012;ABC
copa_do_brasil;2012;Alecrim
copa_do_brasil;2012;América de Natal
copa_do_brasil;2012;Aquidauanense
copa_do_brasil;2012;ASA
copa_do_brasil;2012;Atlético Acreano
copa_do_brasil;2012;Atlético Goianiense
copa_do_brasil;2012;Atlético Mineiro
copa_do_brasil;2012;Atlético Paranaense
copa_do_brasil;2012;Auto Esporte-PB
copa_do_brasil;2012;Bahia de Feira
copa_do_brasil;2012;Boavista-RJ
copa_do_brasil;2012;Botafogo
copa_do_brasil;2012;Botafogo-PB
copa_do_brasil;2012;Brasil de Pelotas
copa_do_brasil;2012;Brasiliense
copa_do_brasil;2012;Capivariano
copa_do_brasil;2012;Caxias
copa_do_brasil;2012;CENE
copa_do_brasil;2012;Chapecoense
copa_do_brasil;2012;Comercial-PI
copa_do_brasil;2012;Coritiba
copa_do_brasil;2012;Coruripe
copa_do_brasil;2012;Criciúma
copa_do_brasil;2012;Cruzeiro
copa_do_brasil;2012;Cuiabá
copa_do_brasil;2012;Espigão
copa_do_brasil;2012;Estrela do Norte
copa_do_brasil;2012;Fluminense
copa_do_brasil;2012;Fluminense 50 Horizonte
copa_do_brasil;2012;Gama
copa_do_brasil;2012;Grêmio
copa_do_brasil;2012;Gurupi
copa_do_brasil;2012;Horizonte
copa_do_brasil;2012;Independente-PA
copa_do_brasil;2012;Interporto
copa_do_brasil;2012;Ipatinga
copa_do_brasil;2012;Ituano
copa_do_brasil;2012;Jacuipense
copa_do_brasil;2012;Joinville
copa_do_brasil;2012;Juventude
copa_do_brasil;2012;Luminense
copa_do_brasil;2012;Luverdense
copa_do_brasil;2012;Luziânia
copa_do_brasil;2012;Madureira
copa_do_brasil;2012;Maringá
copa_do_brasil;2012;Melhor treinador
copa_do_brasil;2012;Moto Club
copa_do_brasil;2012;Nacional-AM
copa_do_brasil;2012;Operário-PR
copa_do_brasil;2012;Palmeiras
copa_do_brasil;2012;Paulista
copa_do_brasil;2012;Paysandu
copa_do_brasil;2012;Penarol
copa_do_brasil;2012;Real
copa_do_brasil;2012;Real Noroeste
copa_do_brasil;2012;Remo
copa_do_brasil;2012;Remo 16 Internacional
copa_do_brasil;2012;Rio Branco-AC
copa_do_brasil;2012;River Plate-SE
copa_do_brasil;2012;Sampaio Corrêa
copa_do_brasil;2012;Santa Cruz
copa_do_brasil;2012;Santa Cruz-RN
copa_do_brasil;2012;Santo André
copa_do_brasil;2012;Sapucaiense
copa_do_brasil;2012;Sport
copa_do_brasil;2012;São Domingos
copa_do_brasil;2012;São Mateus
copa_do_brasil;2012;São Raimundo-RR
copa_do_brasil;2012;Trem
copa_do_brasil;2012;Treze
copa_do_brasil;2012;Vitória
copa_do_brasil;2013;ABC
copa_do_brasil;2013;América de Natal
copa_do_brasil;2013;América Mineiro
copa_do_brasil;2013;Aracruz
copa_do_brasil;2013;Arapongas
copa_do_brasil;2013;ASA
copa_do_brasil;2013;Atlético Acreano
copa_do_brasil;2013;Atlético Goianiense
copa_do_brasil;2013;Atlético Mineiro
copa_do_brasil;2013;Atlético Paranaense
copa_do_brasil;2013;Avaí
copa_do_brasil;2013;Bangu
copa_do_brasil;2013;Boa Esporte
copa_do_brasil;2013;Botafogo
copa_do_brasil;2013;Bragantino
copa_do_brasil;2013;Brasil de Pelotas
copa_do_brasil;2013;Cametá
copa_do_brasil;2013;Cametá 07 Atlético Goianiense
copa_do_brasil;2013;Campinense
copa_do_brasil;2013;Caxias
copa_do_brasil;2013;Ceilândia
copa_do_brasil;2013;Cianorte
copa_do_brasil;2013;Confiança
copa_do_brasil;2013;Corinthians
copa_do_brasil;2013;Coritiba
copa_do_brasil;2013;CRAC
copa_do_brasil;2013;CRB
copa_do_brasil;2013;Criciúma
copa_do_brasil;2013;Cruzeiro
copa_do_brasil;2013;CSA
copa_do_brasil;2013;Desportiva Ferroviária
copa_do_brasil;2013;Fast Clube
copa_do_brasil;2013;Figueirense
copa_do_brasil;2013;Flamengo
copa_do_brasil;2013;Flamengo-PI
copa_do_brasil;2013;Fluminense
copa_do_brasil;2013;Fortaleza
copa_do_brasil;2013;Grêmio
copa_do_brasil;2013;Grêmio Barueri
copa_do_brasil;2013;Guarani
copa_do_brasil;2013;Guarani de Juazeiro
copa_do_brasil;2013;Gurupi
copa_do_brasil;2013;Independente-PA 50 Icasa
copa_do_brasil;2013;Internacional
copa_do_brasil;2013;Ipatinga
copa_do_brasil;2013;Itabaiana
copa_do_brasil;2013;Ji-Paraná
copa_do_brasil;2013;Joinville
copa_do_brasil;2013;Luverdense
copa_do_brasil;2013;Luziânia
copa_do_brasil;2013;Melhor jogador
copa_do_brasil;2013;Mixto
copa_do_brasil;2013;Nacional-AM
copa_do_brasil;2013;Naviraiense
copa_do_brasil;2013;Noroeste
copa_do_brasil;2013;Náutico
copa_do_brasil;2013;Oratório
copa_do_brasil;2013;Palmeiras
copa_do_brasil;2013;Parnahyba
copa_do_brasil;2013;Paysandu
copa_do_brasil;2013;Ponte Preta
copa_do_brasil;2013;Portuguesa
copa_do_brasil;2013;Pos
copa_do_brasil;2013;Premiações
copa_do_brasil;2013;Público
copa_do_brasil;2013;Remo
copa_do_brasil;2013;Resende
copa_do_brasil;2013;Rio Branco-AC
copa_do_brasil;2013;Salgueiro
copa_do_brasil;2013;Sampaio Corrêa
copa_do_brasil;2013;Santa Cruz
copa_do_brasil;2013;Santa Cruz-RN
copa_do_brasil;2013;Santo André
copa_do_brasil;2013;Santos
copa_do_brasil;2013;Sobradinho
copa_do_brasil;2013;Sousa
copa_do_brasil;2013;Sport
copa_do_brasil;2013;São Bernardo
copa_do_brasil;2013;São Caetano
copa_do_brasil;2013;São Raimundo-RR
copa_do_brasil;2013;Tupi
copa_do_brasil;2013;Vasco da Gama
copa_do_brasil;2013;Veranópolis
copa_do_brasil;2013;Vitória
copa_do_brasil;2013;Vitória da Conquista
copa_do_brasil;2013;Volta Redonda
copa_do_brasil;2013;Águia de Marabá
copa_do_brasil;2013;Águia Negra
copa_do_brasil;2014;ABC
copa_do_brasil;2014;América de Natal
copa_do_brasil;2014;Atlético Goianiense
copa_do_brasil;2014;Bahia de Feira
copa_do_brasil;2014;Barbalha
copa_do_brasil;2014;Boavista-RJ
copa_do_brasil;2014;Botafogo-PB
copa_do_brasil;2014;Brasiliense
copa_do_brasil;2014;Brasília
copa_do_brasil;2014;Caldense
copa_do_brasil;2014;CENE
copa_do_brasil;2014;Chapecoense
copa_do_brasil;2014;Corinthians
copa_do_brasil;2014;Coritiba
copa_do_brasil;2014;CRB
copa_do_brasil;2014;Criciúma
copa_do_brasil;2014;CSA
copa_do_brasil;2014;Cuiabá
copa_do_brasil;2014;Desportiva Ferroviária
copa_do_brasil;2014;Duque de Caxias
copa_do_brasil;2014;Flamengo-PI
copa_do_brasil;2014;Fluminense
copa_do_brasil;2014;Goianésia
copa_do_brasil;2014;Horizonte
copa_do_brasil;2014;Internacional
copa_do_brasil;2014;Interporto
copa_do_brasil;2014;J.Malucelli
copa_do_brasil;2014;Joinville
copa_do_brasil;2014;Juazeiro
copa_do_brasil;2014;Lagarto
copa_do_brasil;2014;Lajeadense
copa_do_brasil;2014;Londrina
copa_do_brasil;2014;Mixto
copa_do_brasil;2014;Nacional-AM
copa_do_brasil;2014;Naviraiense
copa_do_brasil;2014;Novo Hamburgo
copa_do_brasil;2014;Náutico
copa_do_brasil;2014;Náutico-RR
copa_do_brasil;2014;Paragominas
copa_do_brasil;2014;Parnahyba
copa_do_brasil;2014;Paysandu
copa_do_brasil;2014;Plácido de Castro
copa_do_brasil;2014;Portuguesa
copa_do_brasil;2014;Potiguar de Mossoró
copa_do_brasil;2014;Princesa do Solimões
copa_do_brasil;2014;Real Noroeste
copa_do_brasil;2014;Remo
copa_do_brasil;2014;Resende
copa_do_brasil;2014;Rio Branco-AC
copa_do_brasil;2014;Rondonópolis
copa_do_brasil;2014;Sampaio Corrêa
copa_do_brasil;2014;Santa Cruz
copa_do_brasil;2014;Santa Rita
copa_do_brasil;2014;Santos
copa_do_brasil;2014;Santos-AP
copa_do_brasil;2014;Sport
copa_do_brasil;2014;São Bernardo
copa_do_brasil;2014;São Luiz
copa_do_brasil;2014;Tombense
copa_do_brasil;2014;Treze
copa_do_brasil;2014;Tupi
copa_do_brasil;2014;Vasco da Gama
copa_do_brasil;2014;Vilhena
copa_do_brasil;2014;Villa Nova
copa_do_brasil;2014;Vitória
copa_do_brasil;2015;Alecrim
copa_do_brasil;2015;Amadense
copa_do_brasil;2015;América de Natal
copa_do_brasil;2015;América Mineiro
copa_do_brasil;2015;Anapolina
copa_do_brasil;2015;Atlético Acreano
copa_do_brasil;2015;Atlético Goianiense
copa_do_brasil;2015;Atlético Paranaense
copa_do_brasil;2015;Boa Esporte
copa_do_brasil;2015;Boavista-RJ
copa_do_brasil;2015;Botafogo-PB
copa_do_brasil;2015;Brasil de Pelotas
copa_do_brasil;2015;Brasília
copa_do_brasil;2015;Cabofriense
copa_do_brasil;2015;Campinense
copa_do_brasil;2015;Capivariano
copa_do_brasil;2015;Caxias
copa_do_brasil;2015;CENE
copa_do_brasil;2015;Chapecoense
copa_do_brasil;2015;Confiança
copa_do_brasil;2015;Coritiba
copa_do_brasil;2015;Coruripe
copa_do_brasil;2015;CRB
copa_do_brasil;2015;Cuiabá
copa_do_brasil;2015;Estrela do Norte
copa_do_brasil;2015;Figueirense
copa_do_brasil;2015;Flamengo
copa_do_brasil;2015;Fortaleza
copa_do_brasil;2015;Globo
copa_do_brasil;2015;Grêmio
copa_do_brasil;2015;Icasa
copa_do_brasil;2015;Independente-PA
copa_do_brasil;2015;Interporto
copa_do_brasil;2015;Ituano
copa_do_brasil;2015;Jacuipense
copa_do_brasil;2015;Joinville
copa_do_brasil;2015;Lajeadense
copa_do_brasil;2015;Londrina
copa_do_brasil;2015;Luverdense
copa_do_brasil;2015;Luziânia
copa_do_brasil;2015;Madureira
copa_do_brasil;2015;Maringá
copa_do_brasil;2015;Moto Club
copa_do_brasil;2015;Murici
copa_do_brasil;2015;Nacional-AM
copa_do_brasil;2015;Náutico
copa_do_brasil;2015;Operário VG
copa_do_brasil;2015;Palmeiras
copa_do_brasil;2015;Paysandu
copa_do_brasil;2015;Princesa do Solimões
copa_do_brasil;2015;Real Noroeste
copa_do_brasil;2015;Remo
copa_do_brasil;2015;Rio Branco-AC
copa_do_brasil;2015;River-PI
copa_do_brasil;2015;Salgueiro
copa_do_brasil;2015;Sampaio Corrêa
copa_do_brasil;2015;Santo André
copa_do_brasil;2015;Santos
copa_do_brasil;2015;Santos-AP
copa_do_brasil;2015;Sport
copa_do_brasil;2015;São Raimundo-RR
copa_do_brasil;2015;Tupi
copa_do_brasil;2015;Vasco da Gama
copa_do_brasil;2015;Vilhena
copa_do_brasil;2015;Villa Nova
copa_do_brasil;2015;Vitória da Conquista
copa_do_brasil;2015;Águia Negra
copa_do_brasil;2016;ABC
copa_do_brasil;2016;América de Natal
copa_do_brasil;2016;América Mineiro
copa_do_brasil;2016;Aparecidense
copa_do_brasil;2016;ASA
copa_do_brasil;2016;Atlético Goianiense
copa_do_brasil;2016;Atlético Mineiro
copa_do_brasil;2016;Atlético Paranaense
copa_do_brasil;2016;Avaí
copa_do_brasil;2016;Botafogo
copa_do_brasil;2016;Botafogo-PB
copa_do_brasil;2016;Bragantino
copa_do_brasil;2016;Brasil de Pelotas
copa_do_brasil;2016;Brasília
copa_do_brasil;2016;Caldense
copa_do_brasil;2016;Campinense
copa_do_brasil;2016;Chapecoense
copa_do_brasil;2016;Comercial-MS
copa_do_brasil;2016;Confiança
copa_do_brasil;2016;Corinthians
copa_do_brasil;2016;Coritiba
copa_do_brasil;2016;Coruripe
copa_do_brasil;2016;CRB
copa_do_brasil;2016;Criciúma
copa_do_brasil;2016;Cruzeiro
copa_do_brasil;2016;Cuiabá
copa_do_brasil;2016;Dom Bosco
copa_do_brasil;2016;Estanciano
copa_do_brasil;2016;Ferroviária
copa_do_brasil;2016;Figueirense
copa_do_brasil;2016;Flamengo
copa_do_brasil;2016;Fluminense
copa_do_brasil;2016;Fortaleza
copa_do_brasil;2016;Galvez
copa_do_brasil;2016;Gama
copa_do_brasil;2016;Genus
copa_do_brasil;2016;Globo
copa_do_brasil;2016;Goianésia
copa_do_brasil;2016;Grêmio
copa_do_brasil;2016;Guarany de Sobral
copa_do_brasil;2016;Imperatriz
copa_do_brasil;2016;Independente-PA
copa_do_brasil;2016;Inter de Lages
copa_do_brasil;2016;Internacional
copa_do_brasil;2016;Ivinhema
copa_do_brasil;2016;Joinville
copa_do_brasil;2016;Juazeirense
copa_do_brasil;2016;Juventude
copa_do_brasil;2016;Lajeadense
copa_do_brasil;2016;Linense
copa_do_brasil;2016;Londrina
copa_do_brasil;2016;Londrina 60 Parauapebas
copa_do_brasil;2016;Nacional-AM
copa_do_brasil;2016;Náutico
copa_do_brasil;2016;Náutico-RR
copa_do_brasil;2016;Operário VG
copa_do_brasil;2016;Operário-PR
copa_do_brasil;2016;Palmeiras
copa_do_brasil;2016;Parauapebas
copa_do_brasil;2016;Parnahyba
copa_do_brasil;2016;Paysandu
copa_do_brasil;2016;Ponte Preta
copa_do_brasil;2016;Portuguesa
copa_do_brasil;2016;Pos
copa_do_brasil;2016;Princesa do Solimões
copa_do_brasil;2016;Red Bull Brasil
copa_do_brasil;2016;Remo
copa_do_brasil;2016;Resende
copa_do_brasil;2016;Rio Branco-AC
copa_do_brasil;2016;Rio Branco-ES
copa_do_brasil;2016;River-PI
copa_do_brasil;2016;Salgueiro
copa_do_brasil;2016;Sampaio Corrêa
copa_do_brasil;2016;Santa Cruz
copa_do_brasil;2016;Santos
copa_do_brasil;2016;Santos-AP
copa_do_brasil;2016;Sport
copa_do_brasil;2016;Tocantinópolis
copa_do_brasil;2016;Tombense
copa_do_brasil;2016;Vasco da Gama
copa_do_brasil;2016;Vitória
copa_do_brasil;2016;Vitória da Conquista
copa_do_brasil;2016;Ypiranga de Erechim
copa_do_brasil;2017;ABC
copa_do_brasil;2017;Altos
copa_do_brasil;2017;América de Natal
copa_do_brasil;2017;América Mineiro
copa_do_brasil;2017;Anápolis
copa_do_brasil;2017;ASA
copa_do_brasil;2017;Atlético Acreano
copa_do_brasil;2017;Atlético Goianiense
copa_do_brasil;2017;Atlético Mineiro
copa_do_brasil;2017;Atlético Paranaense
copa_do_brasil;2017;Audax
copa_do_brasil;2017;Avaí
copa_do_brasil;2017;Boa Esporte
copa_do_brasil;2017;Boavista
copa_do_brasil;2017;Botafogo
copa_do_brasil;2017;Botafogo-PB
copa_do_brasil;2017;Bragantino
copa_do_brasil;2017;Brusque
copa_do_brasil;2017;Caldense
copa_do_brasil;2017;Campinense
copa_do_brasil;2017;Ceilândia
copa_do_brasil;2017;Chapecoense
copa_do_brasil;2017;Comercial-MS
copa_do_brasil;2017;Corinthians
copa_do_brasil;2017;Coritiba
copa_do_brasil;2017;CRB
copa_do_brasil;2017;Criciúma
copa_do_brasil;2017;Cruzeiro
copa_do_brasil;2017;Cruzeiro 60 São Francisco-PA
copa_do_brasil;2017;CSA
copa_do_brasil;2017;Cuiabá
copa_do_brasil;2017;Desportiva Ferroviária
copa_do_brasil;2017;Fast Clube
copa_do_brasil;2017;Ferroviária
copa_do_brasil;2017;Figueirense
copa_do_brasil;2017;Flamengo
copa_do_brasil;2017;Fluminense
copa_do_brasil;2017;Fortaleza
copa_do_brasil;2017;Friburguense
copa_do_brasil;2017;Globo
copa_do_brasil;2017;Grêmio
copa_do_brasil;2017;Guarani de Juazeiro
copa_do_brasil;2017;Gurupi
copa_do_brasil;2017;Internacional
copa_do_brasil;2017;Itabaiana
copa_do_brasil;2017;Joinville
copa_do_brasil;2017;Juventude
copa_do_brasil;2017;Londrina
copa_do_brasil;2017;Luverdense
copa_do_brasil;2017;Luziânia
copa_do_brasil;2017;Melhor jogador
copa_do_brasil;2017;Moto Club
copa_do_brasil;2017;Murici
copa_do_brasil;2017;Náutico
copa_do_brasil;2017;Oeste
copa_do_brasil;2017;Palmeiras
copa_do_brasil;2017;Paysandu
copa_do_brasil;2017;Ponte Preta
copa_do_brasil;2017;Portuguesa
copa_do_brasil;2017;Pos
copa_do_brasil;2017;Premiações
copa_do_brasil;2017;Princesa do Solimões
copa_do_brasil;2017;PSTC
copa_do_brasil;2017;Público
copa_do_brasil;2017;Remo
copa_do_brasil;2017;Rio Branco-AC
copa_do_brasil;2017;River-PI
copa_do_brasil;2017;Rondoniense
copa_do_brasil;2017;Salgueiro
copa_do_brasil;2017;Sampaio Corrêa
copa_do_brasil;2017;Santa Cruz
copa_do_brasil;2017;Santo André
copa_do_brasil;2017;Santos
copa_do_brasil;2017;Santos-AP
copa_do_brasil;2017;Sete de Dourados
copa_do_brasil;2017;Sinop
copa_do_brasil;2017;Sport
copa_do_brasil;2017;São Bento
copa_do_brasil;2017;São Francisco-PA
copa_do_brasil;2017;São José-RS
copa_do_brasil;2017;São Raimundo-PA
copa_do_brasil;2017;São Raimundo-RR
copa_do_brasil;2017;Uniclinic
copa_do_brasil;2017;URT
copa_do_brasil;2017;Vasco da Gama
copa_do_brasil;2017;Vila Nova
copa_do_brasil;2017;Vitória
copa_do_brasil;2017;Vitória da Conquista
copa_do_brasil;2017;Volta Redonda
copa_do_brasil;2017;Ypiranga de Erechim
copa_do_brasil;2018;ABC
copa_do_brasil;2018;Aimoré
copa_do_brasil;2018;Altos
copa_do_brasil;2018;América de Natal
copa_do_brasil;2018;América Mineiro
copa_do_brasil;2018;Aparecidense
copa_do_brasil;2018;ASA
copa_do_brasil;2018;Atlético Acreano
copa_do_brasil;2018;Atlético Goianiense
copa_do_brasil;2018;Atlético Itapemirim
copa_do_brasil;2018;Atlético Mineiro
copa_do_brasil;2018;Atlético Paranaense
copa_do_brasil;2018;Avaí
copa_do_brasil;2018;Boa Esporte
copa_do_brasil;2018;Boavista-RJ
copa_do_brasil;2018;Botafogo
copa_do_brasil;2018;Botafogo-PB
copa_do_brasil;2018;Bragantino
copa_do_brasil;2018;Brasiliense
copa_do_brasil;2018;Brusque
copa_do_brasil;2018;Caldense
copa_do_brasil;2018;Caxias
copa_do_brasil;2018;Ceilândia
copa_do_brasil;2018;Chapecoense
copa_do_brasil;2018;Cianorte
copa_do_brasil;2018;Confiança
copa_do_brasil;2018;Cordino
copa_do_brasil;2018;Corinthians
copa_do_brasil;2018;Coritiba
copa_do_brasil;2018;Corumbaense
copa_do_brasil;2018;CRB
copa_do_brasil;2018;Criciúma
copa_do_brasil;2018;Cruzeiro
copa_do_brasil;2018;CSA
copa_do_brasil;2018;Cuiabá
copa_do_brasil;2018;Dom Bosco
copa_do_brasil;2018;Ferroviário
copa_do_brasil;2018;Figueirense
copa_do_brasil;2018;Flamengo
copa_do_brasil;2018;Floresta
copa_do_brasil;2018;Fluminense
copa_do_brasil;2018;Fluminense 50 Salgueiro
copa_do_brasil;2018;Fluminense de Feira
copa_do_brasil;2018;Globo
copa_do_brasil;2018;Grêmio
copa_do_brasil;2018;Independente-PA
copa_do_brasil;2018;Inter de Limeira
copa_do_brasil;2018;Internacional
copa_do_brasil;2018;Interporto
copa_do_brasil;2018;Itabaiana
copa_do_brasil;2018;Ituano
copa_do_brasil;2018;Joinville
copa_do_brasil;2018;Juventude
copa_do_brasil;2018;Londrina
copa_do_brasil;2018;Luverdense
copa_do_brasil;2018;Madureira
copa_do_brasil;2018;Manaus
copa_do_brasil;2018;Nacional-AM
copa_do_brasil;2018;Nova Iguaçu
copa_do_brasil;2018;Novo
copa_do_brasil;2018;Novo Hamburgo
copa_do_brasil;2018;Náutico
copa_do_brasil;2018;Oeste
copa_do_brasil;2018;Palmeiras
copa_do_brasil;2018;Parnahyba
copa_do_brasil;2018;Paysandu
copa_do_brasil;2018;Ponte Preta
copa_do_brasil;2018;Pos
copa_do_brasil;2018;Real Ariquemes
copa_do_brasil;2018;Remo
copa_do_brasil;2018;Rio Branco-AC
copa_do_brasil;2018;Salgueiro
copa_do_brasil;2018;Sampaio Corrêa
copa_do_brasil;2018;Santa Cruz
copa_do_brasil;2018;Santos
copa_do_brasil;2018;Santos-AP
copa_do_brasil;2018;Sinop
copa_do_brasil;2018;Sport
copa_do_brasil;2018;São Caetano
copa_do_brasil;2018;São Raimundo-RR
copa_do_brasil;2018;Treze
copa_do_brasil;2018;Tubarão
copa_do_brasil;2018;Uberlândia
copa_do_brasil;2018;URT
copa_do_brasil;2018;Vasco da Gama
copa_do_brasil;2018;Vila Nova
copa_do_brasil;2018;Vitória
copa_do_brasil;2018;Vitória da Conquista
copa_do_brasil;2019;ABC
copa_do_brasil;2019;Altos
copa_do_brasil;2019;Altos 17 Santos
copa_do_brasil;2019;Americano
copa_do_brasil;2019;América de Natal
copa_do_brasil;2019;América Mineiro
copa_do_brasil;2019;Aparecidense
copa_do_brasil;2019;ASA
copa_do_brasil;2019;Athletico Paranaense
copa_do_brasil;2019;Atlético Cearense
copa_do_brasil;2019;Atlético Goianiense
copa_do_brasil;2019;Atlético Mineiro
copa_do_brasil;2019;Avaí
copa_do_brasil;2019;Avenida
copa_do_brasil;2019;Boa Esporte
copa_do_brasil;2019;Boavista-RJ
copa_do_brasil;2019;Botafogo
copa_do_brasil;2019;Botafogo-PB
copa_do_brasil;2019;Bragantino-PA
copa_do_brasil;2019;Brasil de Pelotas
copa_do_brasil;2019;Brasiliense
copa_do_brasil;2019;Brusque
copa_do_brasil;2019;Campinense
copa_do_brasil;2019;Central
copa_do_brasil;2019;Chapecoense
copa_do_brasil;2019;Corinthians
copa_do_brasil;2019;Coritiba
copa_do_brasil;2019;Corumbaense
copa_do_brasil;2019;CRB
copa_do_brasil;2019;Criciúma
copa_do_brasil;2019;Cruzeiro
copa_do_brasil;2019;CSA
copa_do_brasil;2019;Cuiabá
copa_do_brasil;2019;Fast Clube
copa_do_brasil;2019;Ferroviário
copa_do_brasil;2019;Figueirense
copa_do_brasil;2019;Flamengo
copa_do_brasil;2019;Fluminense
copa_do_brasil;2019;Fortaleza
copa_do_brasil;2019;Foz do Iguaçu
copa_do_brasil;2019;Galvez
copa_do_brasil;2019;Grêmio
copa_do_brasil;2019;Guarani
copa_do_brasil;2019;Imperatriz
copa_do_brasil;2019;Internacional
copa_do_brasil;2019;Itabaiana
copa_do_brasil;2019;Joinville
copa_do_brasil;2019;Juazeirense
copa_do_brasil;2019;Juventude
copa_do_brasil;2019;Londrina
copa_do_brasil;2019;Luverdense
copa_do_brasil;2019;Manaus
copa_do_brasil;2019;Mixto
copa_do_brasil;2019;Moto Club
copa_do_brasil;2019;Náutico
copa_do_brasil;2019;Oeste
copa_do_brasil;2019;Operário-MS
copa_do_brasil;2019;Palmas
copa_do_brasil;2019;Palmeiras
copa_do_brasil;2019;Paysandu
copa_do_brasil;2019;Ponte Preta
copa_do_brasil;2019;Pos
copa_do_brasil;2019;Real Ariquemes
copa_do_brasil;2019;Remo
copa_do_brasil;2019;Rio Branco-AC
copa_do_brasil;2019;River-PI
copa_do_brasil;2019;Sampaio Corrêa
copa_do_brasil;2019;Santa Cruz
copa_do_brasil;2019;Santa Cruz de Natal
copa_do_brasil;2019;Santos
copa_do_brasil;2019;Serra
copa_do_brasil;2019;Sinop
copa_do_brasil;2019;Sobradinho
copa_do_brasil;2019;Sport
copa_do_brasil;2019;São José-RS
copa_do_brasil;2019;São Raimundo-PA
copa_do_brasil;2019;São Raimundo-RR
copa_do_brasil;2019;Tombense
copa_do_brasil;2019;Tubarão
copa_do_brasil;2019;Tupi
copa_do_brasil;2019;URT
copa_do_brasil;2019;Vasco da Gama
copa_do_brasil;2019;Vila Nova
copa_do_brasil;2019;Vitória
copa_do_brasil;2019;Votuporanguense
copa_do_brasil;2019;Ypiranga de Erechim
copa_do_brasil;2019;Ypiranga-AP
copa_do_brasil;2020;ABC
copa_do_brasil;2020;Afogados
copa_do_brasil;2020;Altos
copa_do_brasil;2020;América de Natal
copa_do_brasil;2020;América Mineiro
copa_do_brasil;2020;Aquidauanense
copa_do_brasil;2020;Athletico Paranaense
copa_do_brasil;2020;Atlético Acreano
copa_do_brasil;2020;Atlético de Alagoinhas
copa_do_brasil;2020;Atlético Goianiense
copa_do_brasil;2020;Atlético Mineiro
copa_do_brasil;2020;Avaí
copa_do_brasil;2020;Bahia de Feira
copa_do_brasil;2020;Bangu
copa_do_brasil;2020;Barbalha
copa_do_brasil;2020;Boa Esporte
copa_do_brasil;2020;Boavista-RJ
copa_do_brasil;2020;Botafogo
copa_do_brasil;2020;Botafogo-PB
copa_do_brasil;2020;Bragantino-PA
copa_do_brasil;2020;Brasil de Pelotas
copa_do_brasil;2020;Brasiliense
copa_do_brasil;2020;Brusque
copa_do_brasil;2020;Brusque 51 Remo
copa_do_brasil;2020;Campinense
copa_do_brasil;2020;Caucaia
copa_do_brasil;2020;Caxias
copa_do_brasil;2020;Ceará 51 Brusque
copa_do_brasil;2020;Chapecoense
copa_do_brasil;2020;Corinthians
copa_do_brasil;2020;Coritiba
copa_do_brasil;2020;Coruripe
copa_do_brasil;2020;CRB
copa_do_brasil;2020;Criciúma
copa_do_brasil;2020;Cruzeiro
copa_do_brasil;2020;CSA
copa_do_brasil;2020;Cuiabá
copa_do_brasil;2020;Fast Clube
copa_do_brasil;2020;Ferroviária
copa_do_brasil;2020;Ferroviária 62 Águia Negra
copa_do_brasil;2020;Figueirense
copa_do_brasil;2020;Flamengo
copa_do_brasil;2020;Fluminense
copa_do_brasil;2020;Fortaleza
copa_do_brasil;2020;Freipaulistano
copa_do_brasil;2020;Galvez
copa_do_brasil;2020;Gama
copa_do_brasil;2020;Grêmio
copa_do_brasil;2020;Imperatriz
copa_do_brasil;2020;Independente-PA
copa_do_brasil;2020;Internacional
copa_do_brasil;2020;Juventude
copa_do_brasil;2020;Lagarto
copa_do_brasil;2020;Londrina
copa_do_brasil;2020;Luverdense
copa_do_brasil;2020;Manaus
copa_do_brasil;2020;Moto Club
copa_do_brasil;2020;Novo Hamburgo
copa_do_brasil;2020;Novorizontino
copa_do_brasil;2020;Náutico
copa_do_brasil;2020;Oeste
copa_do_brasil;2020;Operário VG
copa_do_brasil;2020;Operário-PR
copa_do_brasil;2020;Palmas
copa_do_brasil;2020;Palmeiras
copa_do_brasil;2020;Paysandu
copa_do_brasil;2020;Ponte Preta
copa_do_brasil;2020;Pos
copa_do_brasil;2020;Red Bull Bragantino
copa_do_brasil;2020;Remo
copa_do_brasil;2020;River-PI
copa_do_brasil;2020;Sampaio Corrêa
copa_do_brasil;2020;Santa Cruz
copa_do_brasil;2020;Santo André
copa_do_brasil;2020;Santos
copa_do_brasil;2020;Santos-AP
copa_do_brasil;2020;Sport
copa_do_brasil;2020;São José-RS
copa_do_brasil;2020;São Luiz
copa_do_brasil;2020;São Raimundo-RR
copa_do_brasil;2020;Toledo
copa_do_brasil;2020;União Rondonópolis
copa_do_brasil;2020;Vasco da Gama
copa_do_brasil;2020;Vila Nova
copa_do_brasil;2020;Vilhenense
copa_do_brasil;2020;Vitória
copa_do_brasil;2020;Vitória-ES
copa_do_brasil;2020;Volta Redonda
copa_do_brasil;2020;XV de Piracicaba
copa_do_brasil;2020;Águia Negra
copa_do_brasil;2021;ABC
copa_do_brasil;2021;América de Natal
copa_do_brasil;2021;América Mineiro
copa_do_brasil;2021;Athletico Paranaense
copa_do_brasil;2021;Atlético Acreano
copa_do_brasil;2021;Atlético de Alagoinhas
copa_do_brasil;2021;Atlético Goianiense
copa_do_brasil;2021;Atlético Mineiro
copa_do_brasil;2021;Avaí
copa_do_brasil;2021;Boavista-RJ
copa_do_brasil;2021;Botafogo
copa_do_brasil;2021;Brasiliense
copa_do_brasil;2021;Brusque
copa_do_brasil;2021;Caldense
copa_do_brasil;2021;Campinense
copa_do_brasil;2021;Castanhal
copa_do_brasil;2021;Caxias
copa_do_brasil;2021;Chapecoense
copa_do_brasil;2021;Cianorte
copa_do_brasil;2021;Confiança
copa_do_brasil;2021;Corinthians
copa_do_brasil;2021;Coritiba
copa_do_brasil;2021;CRB
copa_do_brasil;2021;Criciúma
copa_do_brasil;2021;Cruzeiro
copa_do_brasil;2021;CSA
copa_do_brasil;2021;Cuiabá
copa_do_brasil;2021;Esportivo
copa_do_brasil;2021;FC Cascavel
copa_do_brasil;2021;Ferroviário
copa_do_brasil;2021;Figueirense
copa_do_brasil;2021;Flamengo
copa_do_brasil;2021;Fluminense
copa_do_brasil;2021;Fortaleza
copa_do_brasil;2021;Galvez
copa_do_brasil;2021;Gama
copa_do_brasil;2021;Goianésia
copa_do_brasil;2021;Grêmio
copa_do_brasil;2021;Guarany de Sobral
copa_do_brasil;2021;Internacional
copa_do_brasil;2021;Jaraguá
copa_do_brasil;2021;Joinville
copa_do_brasil;2021;Juazeirense
copa_do_brasil;2021;Juventude
copa_do_brasil;2021;Juventude Samas
copa_do_brasil;2021;Luverdense
copa_do_brasil;2021;Madureira
copa_do_brasil;2021;Manaus
copa_do_brasil;2021;Marília
copa_do_brasil;2021;Mirassol
copa_do_brasil;2021;Moto Club
copa_do_brasil;2021;Murici
copa_do_brasil;2021;Nova Mutum
copa_do_brasil;2021;Operário-PR
copa_do_brasil;2021;Palmas
copa_do_brasil;2021;Palmeiras
copa_do_brasil;2021;Paysandu
copa_do_brasil;2021;Penarol
copa_do_brasil;2021;Picos
copa_do_brasil;2021;Ponte Preta
copa_do_brasil;2021;Porto Velho
copa_do_brasil;2021;Pos
copa_do_brasil;2021;Real Brasília
copa_do_brasil;2021;Red Bull Bragantino
copa_do_brasil;2021;Remo
copa_do_brasil;2021;Retrô
copa_do_brasil;2021;Rio Branco VN
copa_do_brasil;2021;Rio Branco-ES
copa_do_brasil;2021;Salgueiro
copa_do_brasil;2021;Sampaio Corrêa
copa_do_brasil;2021;Santa Cruz
copa_do_brasil;2021;Santa Cruz-RS
copa_do_brasil;2021;Santos
copa_do_brasil;2021;Sport
copa_do_brasil;2021;São Raimundo-RR
copa_do_brasil;2021;Tombense
copa_do_brasil;2021;Treze
copa_do_brasil;2021;Uberlândia
copa_do_brasil;2021;União Rondonópolis
copa_do_brasil;2021;Vasco da Gama
copa_do_brasil;2021;Vila Nova
copa_do_brasil;2021;Vitória
copa_do_brasil;2021;Volta Redonda
copa_do_brasil;2021;Ypiranga de Erechim
copa_do_brasil;2021;Ypiranga-AP
copa_do_brasil;2021;Águia Negra
copa_do_brasil;2022;ABC
copa_do_brasil;2022;Altos
copa_do_brasil;2022;América Mineiro
copa_do_brasil;2022;ASA
copa_do_brasil;2022;Athletico Paranaense
copa_do_brasil;2022;Atlético de Alagoinhas
copa_do_brasil;2022;Atlético Goianiense
copa_do_brasil;2022;Atlético Mineiro
copa_do_brasil;2022;Avaí
copa_do_brasil;2022;Azuriz
copa_do_brasil;2022;Bahia de Feira
copa_do_brasil;2022;Botafogo
copa_do_brasil;2022;Botafogo-SP
copa_do_brasil;2022;Brasil de Pelotas
copa_do_brasil;2022;Brasiliense
copa_do_brasil;2022;Campinense
copa_do_brasil;2022;Castanhal
copa_do_brasil;2022;Ceilândia
copa_do_brasil;2022;Chapecoense
copa_do_brasil;2022;Corinthians
copa_do_brasil;2022;Coritiba
copa_do_brasil;2022;Costa Rica
copa_do_brasil;2022;CRB
copa_do_brasil;2022;Criciúma
copa_do_brasil;2022;Cruzeiro
copa_do_brasil;2022;CSA
copa_do_brasil;2022;Cuiabá
copa_do_brasil;2022;FC Cascavel
copa_do_brasil;2022;Ferroviária
copa_do_brasil;2022;Ferroviário
copa_do_brasil;2022;Figueirense
copa_do_brasil;2022;Flamengo
copa_do_brasil;2022;Fluminense
copa_do_brasil;2022;Fluminense-PI
copa_do_brasil;2022;Fortaleza
copa_do_brasil;2022;Globo
copa_do_brasil;2022;Glória
copa_do_brasil;2022;Grêmio
copa_do_brasil;2022;Grêmio Anápolis
copa_do_brasil;2022;Guarani
copa_do_brasil;2022;Humaitá
copa_do_brasil;2022;Icasa
copa_do_brasil;2022;Internacional
copa_do_brasil;2022;Juazeirense
copa_do_brasil;2022;Juventude
copa_do_brasil;2022;Lagarto
copa_do_brasil;2022;Londrina
copa_do_brasil;2022;Manaus
copa_do_brasil;2022;Maricá
copa_do_brasil;2022;Melhor jogador
copa_do_brasil;2022;Mirassol
copa_do_brasil;2022;Moto Club
copa_do_brasil;2022;Nova Iguaçu
copa_do_brasil;2022;Nova Venécia
copa_do_brasil;2022;Novorizontino
copa_do_brasil;2022;Náutico
copa_do_brasil;2022;Oeste
copa_do_brasil;2022;Operário VG
copa_do_brasil;2022;Operário-PR
copa_do_brasil;2022;Palmeiras
copa_do_brasil;2022;Paysandu
copa_do_brasil;2022;Ponte Preta
copa_do_brasil;2022;Porto Velho
copa_do_brasil;2022;Portuguesa-RJ
copa_do_brasil;2022;Pos
copa_do_brasil;2022;Pouso Alegre
copa_do_brasil;2022;Premiações
copa_do_brasil;2022;Real Noroeste
copa_do_brasil;2022;Red Bull Bragantino
copa_do_brasil;2022;Remo
copa_do_brasil;2022;Rio Branco-AC
copa_do_brasil;2022;Salgueiro
copa_do_brasil;2022;Sampaio Corrêa
copa_do_brasil;2022;Santos
copa_do_brasil;2022;Sergipe 05 Cruzeiro
copa_do_brasil;2022;Sousa
copa_do_brasil;2022;Sport
copa_do_brasil;2022;São Raimundo-AM
copa_do_brasil;2022;São Raimundo-RR
copa_do_brasil;2022;Tocantinópolis
copa_do_brasil;2022;Tombense
copa_do_brasil;2022;Trem
copa_do_brasil;2022;Tuna Luso
copa_do_brasil;2022;Tuntum
copa_do_brasil;2022;União Rondonópolis
copa_do_brasil;2022;URT
copa_do_brasil;2022;Vasco da Gama
copa_do_brasil;2022;Vencedor da seletiva para a Copa do Brasil
copa_do_brasil;2022;Vila Nova
copa_do_brasil;2022;Vitória
copa_do_brasil;2022;Volta Redonda
copa_do_brasil;2023;ABC
copa_do_brasil;2023;América de Natal
copa_do_brasil;2023;América Mineiro
copa_do_brasil;2023;ASA
copa_do_brasil;2023;Athletic
copa_do_brasil;2023;Athletico Paranaense
copa_do_brasil;2023;Atlético de Alagoinhas
copa_do_brasil;2023;Atlético Goianiense
copa_do_brasil;2023;Atlético Mineiro
copa_do_brasil;2023;Avaí
copa_do_brasil;2023;Bahia de Feira
copa_do_brasil;2023;Botafogo
copa_do_brasil;2023;Botafogo 71 Brasiliense
copa_do_brasil;2023;Botafogo-PB
copa_do_brasil;2023;Botafogo-SP
copa_do_brasil;2023;Brasil de Pelotas
copa_do_brasil;2023;Brasiliense
copa_do_brasil;2023;Brusque
copa_do_brasil;2023;Caldense
copa_do_brasil;2023;Camboriú
copa_do_brasil;2023;Campinense
copa_do_brasil;2023;Caucaia
copa_do_brasil;2023;Ceilândia
copa_do_brasil;2023;Chapecoense
copa_do_brasil;2023;Cordino
copa_do_brasil;2023;Corinthians
copa_do_brasil;2023;Coritiba
copa_do_brasil;2023;CRB
copa_do_brasil;2023;Criciúma
copa_do_brasil;2023;Cruzeiro
copa_do_brasil;2023;CSA
copa_do_brasil;2023;Cuiabá
copa_do_brasil;2023;Democrata GV
copa_do_brasil;2023;Falcon
copa_do_brasil;2023;Ferroviário
copa_do_brasil;2023;Flamengo
copa_do_brasil;2023;Flamengo 82 Maringá
copa_do_brasil;2023;Fluminense
copa_do_brasil;2023;Fluminense-PI
copa_do_brasil;2023;Fortaleza
copa_do_brasil;2023;Grêmio
copa_do_brasil;2023;Humaitá
copa_do_brasil;2023;Iguatu
copa_do_brasil;2023;Internacional
copa_do_brasil;2023;Ituano
copa_do_brasil;2023;Jacuipense
copa_do_brasil;2023;Juventude
copa_do_brasil;2023;Londrina
copa_do_brasil;2023;Manaus
copa_do_brasil;2023;Marcílio Dias
copa_do_brasil;2023;Maringá
copa_do_brasil;2023;Marília
copa_do_brasil;2023;Nova Iguaçu
copa_do_brasil;2023;Nova Mutum
copa_do_brasil;2023;Náutico
copa_do_brasil;2023;Operário-MS
copa_do_brasil;2023;Operário-PR
copa_do_brasil;2023;Palmeiras
copa_do_brasil;2023;Parnahyba
copa_do_brasil;2023;Paysandu
copa_do_brasil;2023;Ponte Preta
copa_do_brasil;2023;Pos
copa_do_brasil;2023;Princesa do Solimões
copa_do_brasil;2023;Real Ariquemes
copa_do_brasil;2023;Real Noroeste
copa_do_brasil;2023;Red Bull Bragantino
copa_do_brasil;2023;Remo
copa_do_brasil;2023;Resende
copa_do_brasil;2023;Retrô
copa_do_brasil;2023;Sampaio Corrêa
copa_do_brasil;2023;Santa Cruz
copa_do_brasil;2023;Santos
copa_do_brasil;2023;Sport
copa_do_brasil;2023;São Bernardo
copa_do_brasil;2023;São Francisco-AC
copa_do_brasil;2023;São Luiz
copa_do_brasil;2023;São Raimundo-RR
copa_do_brasil;2023;Tocantinópolis
copa_do_brasil;2023;Tombense
copa_do_brasil;2023;Trem
copa_do_brasil;2023;Tuna Luso
copa_do_brasil;2023;Tuntum
copa_do_brasil;2023;União Rondonópolis
copa_do_brasil;2023;Vasco da Gama
copa_do_brasil;2023;Vencedor da seletiva para a Copa do Brasil
copa_do_brasil;2023;Vila Nova
copa_do_brasil;2023;Vitória
copa_do_brasil;2023;Vitória-ES
copa_do_brasil;2023;Volta Redonda
copa_do_brasil;2023;Ypiranga de Erechim
copa_do_brasil;2023;Águia de Marabá
copa_do_brasil;2024;ABC
copa_do_brasil;2024;América de Natal
copa_do_brasil;2024;América Mineiro
copa_do_brasil;2024;Anápolis
copa_do_brasil;2024;Aparecidense
copa_do_brasil;2024;ASA
copa_do_brasil;2024;Athletic
copa_do_brasil;2024;Athletico Paranaense
copa_do_brasil;2024;Atlético Goianiense
copa_do_brasil;2024;Atlético Mineiro
copa_do_brasil;2024;Audax Rio
copa_do_brasil;2024;Botafogo
copa_do_brasil;2024;Botafogo-SP
copa_do_brasil;2024;Brasiliense
copa_do_brasil;2024;Brusque
copa_do_brasil;2024;Capital-TO
copa_do_brasil;2024;Caxias
copa_do_brasil;2024;Cianorte
copa_do_brasil;2024;Confiança
copa_do_brasil;2024;Corinthians
copa_do_brasil;2024;Coritiba
copa_do_brasil;2024;Costa Rica
copa_do_brasil;2024;CRB
copa_do_brasil;2024;Criciúma
copa_do_brasil;2024;Cruzeiro
copa_do_brasil;2024;Cuiabá
copa_do_brasil;2024;FC Cascavel
copa_do_brasil;2024;Ferroviário
copa_do_brasil;2024;Flamengo
copa_do_brasil;2024;Fluminense
copa_do_brasil;2024;Fluminense-PI
copa_do_brasil;2024;Fortaleza
copa_do_brasil;2024;GAS
copa_do_brasil;2024;Grêmio
copa_do_brasil;2024;Humaitá
copa_do_brasil;2024;Iguatu
copa_do_brasil;2024;Independente-AP
copa_do_brasil;2024;Internacional
copa_do_brasil;2024;Itabaiana
copa_do_brasil;2024;Itabuna
copa_do_brasil;2024;Itabuna 08 Nova Iguaçu
copa_do_brasil;2024;Ituano
copa_do_brasil;2024;Jacuipense
copa_do_brasil;2024;Ji-Paraná
copa_do_brasil;2024;Juventude
copa_do_brasil;2024;Manauara
copa_do_brasil;2024;Marcílio Dias
copa_do_brasil;2024;Maringá
copa_do_brasil;2024;Moto Club
copa_do_brasil;2024;Murici
copa_do_brasil;2024;Nova Iguaçu
copa_do_brasil;2024;Nova Venécia
copa_do_brasil;2024;Olaria
copa_do_brasil;2024;Operário VG
copa_do_brasil;2024;Operário-MS
copa_do_brasil;2024;Operário-PR
copa_do_brasil;2024;Palmeiras
copa_do_brasil;2024;Paysandu
copa_do_brasil;2024;Petrolina
copa_do_brasil;2024;Porto Velho
copa_do_brasil;2024;Portuguesa Santista
copa_do_brasil;2024;Portuguesa-RJ
copa_do_brasil;2024;Real Brasília
copa_do_brasil;2024;Real Noroeste
copa_do_brasil;2024;Red Bull Bragantino
copa_do_brasil;2024;Remo
copa_do_brasil;2024;Retrô
copa_do_brasil;2024;Rio Branco-AC
copa_do_brasil;2024;River-PI
copa_do_brasil;2024;Sampaio Corrêa
copa_do_brasil;2024;Sousa
copa_do_brasil;2024;Sport
copa_do_brasil;2024;São Bernardo
copa_do_brasil;2024;São Luiz
copa_do_brasil;2024;São Raimundo-RR
copa_do_brasil;2024;Tocantinópolis
copa_do_brasil;2024;Tombense
copa_do_brasil;2024;Trem
copa_do_brasil;2024;Treze
copa_do_brasil;2024;União Rondonópolis
copa_do_brasil;2024;Vasco da Gama
copa_do_brasil;2024;Vencedor da seletiva para a Copa do Brasil
copa_do_brasil;2024;Villa Nova
copa_do_brasil;2024;Vitória
copa_do_brasil;2024;Volta Redonda
copa_do_brasil;2024;Ypiranga de Erechim
copa_do_brasil;2024;Água Santa
copa_do_brasil;2024;Águia de Marabá
copa_do_brasil;2025;ABC
copa_do_brasil;2025;Altos
copa_do_brasil;2025;América de Natal
copa_do_brasil;2025;América Mineiro
copa_do_brasil;2025;Aparecidense
copa_do_brasil;2025;ASA
copa_do_brasil;2025;Athletic
copa_do_brasil;2025;Athletico Paranaense
copa_do_brasil;2025;Atlético Goianiense
copa_do_brasil;2025;Atlético Mineiro
copa_do_brasil;2025;Barcelona de Ilhéus
copa_do_brasil;2025;Barcelona-RO
copa_do_brasil;2025;Boavista-RJ
copa_do_brasil;2025;Botafogo
copa_do_brasil;2025;Botafogo-PB
copa_do_brasil;2025;Brusque
copa_do_brasil;2025;Capital-DF
copa_do_brasil;2025;Caxias
copa_do_brasil;2025;Ceilândia
copa_do_brasil;2025;Concórdia
copa_do_brasil;2025;Confiança
copa_do_brasil;2025;Corinthians
copa_do_brasil;2025;Coritiba
copa_do_brasil;2025;CRB
copa_do_brasil;2025;Criciúma
copa_do_brasil;2025;Cruzeiro
copa_do_brasil;2025;CSA
copa_do_brasil;2025;CSE
copa_do_brasil;2025;Cuiabá
copa_do_brasil;2025;Dourados
copa_do_brasil;2025;FC Cascavel
copa_do_brasil;2025;Ferroviário
copa_do_brasil;2025;Flamengo
copa_do_brasil;2025;Fluminense
copa_do_brasil;2025;Fortaleza
copa_do_brasil;2025;GAS
copa_do_brasil;2025;Gazin Porto Velho
copa_do_brasil;2025;Grêmio
copa_do_brasil;2025;Guarany de Bagé
copa_do_brasil;2025;Humaitá
copa_do_brasil;2025;Independência
copa_do_brasil;2025;Inter de Limeira
copa_do_brasil;2025;Internacional
copa_do_brasil;2025;Jequié
copa_do_brasil;2025;Juventude
copa_do_brasil;2025;Manaus
copa_do_brasil;2025;Maracanã-CE
copa_do_brasil;2025;Maringá
copa_do_brasil;2025;Melhor jogador
copa_do_brasil;2025;Melhor treinador
copa_do_brasil;2025;Nova Iguaçu
copa_do_brasil;2025;Novorizontino
copa_do_brasil;2025;Náutico
copa_do_brasil;2025;Olaria
copa_do_brasil;2025;Operário VG
copa_do_brasil;2025;Operário-MS
copa_do_brasil;2025;Operário-PR
copa_do_brasil;2025;Oratório
copa_do_brasil;2025;Palmeiras
copa_do_brasil;2025;Parnahyba
copa_do_brasil;2025;Paysandu
copa_do_brasil;2025;Ponte Preta
copa_do_brasil;2025;Portuguesa
copa_do_brasil;2025;Portuguesa-RJ
copa_do_brasil;2025;Pouso Alegre
copa_do_brasil;2025;Premiações
copa_do_brasil;2025;Público
copa_do_brasil;2025;Red Bull Bragantino
copa_do_brasil;2025;Remo
copa_do_brasil;2025;Retrô
copa_do_brasil;2025;Rio Branco VN
copa_do_brasil;2025;Rio Branco-ES
copa_do_brasil;2025;Sampaio Corrêa
copa_do_brasil;2025;Santa Cruz de Natal
copa_do_brasil;2025;Santos
copa_do_brasil;2025;Sousa
copa_do_brasil;2025;Sport
copa_do_brasil;2025;São José-RS
copa_do_brasil;2025;São Raimundo-RR
copa_do_brasil;2025;Tocantinópolis
copa_do_brasil;2025;Tombense
copa_do_brasil;2025;Trem
copa_do_brasil;2025;Tuna Luso
copa_do_brasil;2025;União Rondonópolis
copa_do_brasil;2025;União-TO
copa_do_brasil;2025;Vasco da Gama
copa_do_brasil;2025;Vencedor da Seletiva para a Copa do Brasil
copa_do_brasil;2025;Vila Nova
copa_do_brasil;2025;Vitória
copa_do_brasil;2025;Votuporanguense
copa_do_brasil;2025;Águia de Marabá
copa_do_brasil;2025;Águia de Marabá 08 Fluminense
